Ticker,Name
AAPL,APPLE INC
MSFT,MICROSOFT CORP
AMZN,AMAZON COM INC
BRKB,BERKSHIRE HATHAWAY INC CLASS B
JPM,JPMORGAN CHASE & CO
FB,FACEBOOK CLASS A INC
JNJ,JOHNSON & JOHNSON
XOM,EXXON MOBIL CORP
GOOG,ALPHABET INC CLASS C
GOOGL,ALPHABET INC CLASS A
BAC,BANK OF AMERICA CORP
V,VISA INC CLASS A
UNH,UNITEDHEALTH GROUP INC
PFE,PFIZER INC
T,AT&T INC
CVX,CHEVRON CORP
HD,HOME DEPOT INC
CSCO,CISCO SYSTEMS INC
WFC,WELLS FARGO
VZ,VERIZON COMMUNICATIONS INC
INTC,INTEL CORPORATION
PG,PROCTER & GAMBLE
BA,BOEING
MA,MASTERCARD INC CLASS A
MRK,MERCK & CO INC
C,CITIGROUP INC
KO,COCA-COLA
DIS,WALT DISNEY
NVDA,NVIDIA CORP
CMCSA,COMCAST CORP CLASS A
NFLX,NETFLIX INC
PEP,PEPSICO INC
DWDP,DOWDUPONT INC
ABBV,ABBVIE INC
IBM,INTERNATIONAL BUSINESS MACHINES CO
ORCL,ORACLE CORP
WMT,WALMART INC
AMGN,AMGEN INC
MDT,MEDTRONIC PLC
ADBE,ADOBE SYSTEM INC
PM,PHILIP MORRIS INTERNATIONAL INC
MCD,MCDONALDS CORP
ABT,ABBOTT LABORATORIES
HON,HONEYWELL INTERNATIONAL INC
MMM,3M
UNP,UNION PACIFIC CORP
MO,ALTRIA GROUP INC
ACN,ACCENTURE PLC CLASS A
CRM,SALESFORCE.COM INC
QCOM,QUALCOMM INC
AVGO,BROADCOM INC
TXN,TEXAS INSTRUMENT INC
GE,GENERAL ELECTRIC
UTX,UNITED TECHNOLOGIES CORP
NKE,NIKE INC CLASS B
COST,COSTCO WHOLESALE CORP
PYPL,PAYPAL HOLDINGS INC
LLY,ELI LILLY
BMY,BRISTOL MYERS SQUIBB
GILD,GILEAD SCIENCES INC
TMO,THERMO FISHER SCIENTIFIC INC
BKNG,BOOKING HOLDINGS INC
LOW,LOWES COMPANIES INC
COP,CONOCOPHILLIPS
CAT,CATERPILLAR INC
LMT,LOCKHEED MARTIN CORP
SLB,SCHLUMBERGER NV
USB,US BANCORP
UPS,UNITED PARCEL SERVICE INC CLASS B
CVS,CVS HEALTH CORP
GS,GOLDMAN SACHS GROUP INC
NEE,NEXTERA ENERGY INC
AXP,AMERICAN EXPRESS
EOG,EOG RESOURCES INC
SBUX,STARBUCKS CORP
ANTM,ANTHEM INC
BDX,BECTON DICKINSON
BIIB,BIOGEN INC INC
TJX,TJX INC
DHR,DANAHER CORP
ADP,AUTOMATIC DATA PROCESSING INC
AGN,ALLERGAN
AET,AETNA INC
CELG,CELGENE CORP
ISRG,INTUITIVE SURGICAL INC
OXY,OCCIDENTAL PETROLEUM CORP
PNC,PNC FINANCIAL SERVICES GROUP INC
AMT,AMERICAN TOWER REIT CORP
ATVI,ACTIVISION BLIZZARD INC
MDLZ,MONDELEZ INTERNATIONAL INC CLASS A
WBA,WALGREEN BOOTS ALLIANCE INC
CB,CHUBB LTD
CSX,CSX CORP
SYK,STRYKER CORP
SCHW,CHARLES SCHWAB CORP
RTN,RAYTHEON
CME,CME GROUP INC CLASS A
FDX,FEDEX CORP
BLK,BLACKROCK INC
CL,COLGATE-PALMOLIVE
MS,MORGAN STANLEY
DUK,DUKE ENERGY CORP
CHTR,CHARTER COMMUNICATIONS INC CLASS A
INTU,INTUIT INC
SPG,SIMON PROPERTY GROUP REIT INC
BSX,BOSTON SCIENTIFIC CORP
ESRX,EXPRESS SCRIPTS HOLDING
ILMN,ILLUMINA INC
GD,GENERAL DYNAMICS CORP
MU,MICRON TECHNOLOGY INC
NOC,NORTHROP GRUMMAN CORP
NSC,NORFOLK SOUTHERN CORP
DE,DEERE
VLO,VALERO ENERGY CORP
CI,CIGNA CORP
SPGI,S&P GLOBAL INC
VRTX,VERTEX PHARMACEUTICALS INC
EMR,EMERSON ELECTRIC
PX,PRAXAIR INC
FOXA,TWENTY FIRST CENTURY FOX INC CLASS
ITW,ILLINOIS TOOL INC
PSX,PHILLIPS
BK,BANK OF NEW YORK MELLON CORP
AIG,AMERICAN INTERNATIONAL GROUP INC
TGT,TARGET CORP
HUM,HUMANA INC
D,DOMINION ENERGY INC
COF,CAPITAL ONE FINANCIAL CORP
CTSH,COGNIZANT TECHNOLOGY SOLUTIONS COR
CCI,CROWN CASTLE INTERNATIONAL REIT CO
ZTS,ZOETIS INC CLASS A
SO,SOUTHERN
GM,GENERAL MOTORS
ICE,INTERCONTINENTAL EXCHANGE INC
PRU,PRUDENTIAL FINANCIAL INC
EXC,EXELON CORP
MMC,MARSH & MCLENNAN INC
HPQ,HP INC
PLD,PROLOGIS REIT INC
PGR,PROGRESSIVE CORP
TSLA,TESLA INC
ECL,ECOLAB INC
KMB,KIMBERLY CLARK CORP
AMAT,APPLIED MATERIAL INC
MET,METLIFE INC
WM,WASTE MANAGEMENT INC
BAX,BAXTER INTERNATIONAL INC
ETN,EATON PLC
HCA,HCA HEALTHCARE INC
AON,AON PLC CLASS A
SHW,SHERWIN WILLIAMS
BBT,BB AND T CORP
MPC,MARATHON PETROLEUM CORP
APD,AIR PRODUCTS AND CHEMICALS INC
HAL,HALLIBURTON
MAR,MARRIOTT INTERNATIONAL INC CLASS A
AFL,AFLAC INC
F,F MOTOR
ROST,ROSS STORES INC
FIS,FIDELITY NATIONAL INFORMATION SERV
AEP,AMERICAN ELECTRIC POWER INC
EA,ELECTRONIC ARTS INC
DAL,DELTA AIR LINES INC
APC,ANADARKO PETROLEUM CORP
TRV,TRAVELERS COMPANIES INC
SYY,SYSCO CORP
ALL,ALLSTATE CORP
KMI,KINDER MORGAN INC
EQIX,EQUINIX REIT INC
EW,EDWARDS LIFESCIENCES CORP
ADI,ANALOG DEVICES INC
LYB,LYONDELLBASELL INDUSTRIES NV CLASS
WMB,WILLIAMS INC
ADSK,AUTODESK INC
NOW,SERVICENOW INC
KHC,KRAFT HEINZ
STZ,CONSTELLATION BRANDS INC CLASS A
FISV,FISERV INC
JCI,JOHNSON CONTROLS INTERNATIONAL PLC
LUV,SOUTHWEST AIRLINES
STT,STATE STREET CORP
REGN,REGENERON PHARMACEUTICALS INC
SRE,SEMPRA ENERGY
EL,ESTEE LAUDER INC CLASS A
STI,SUNTRUST BANKS INC
EBAY,EBAY INC
ROP,ROPER TECHNOLOGIES INC
PXD,PIONEER NATURAL RESOURCE
VFC,VF CORP
WP,WORLDPAY INC CLASS A
BLKFDS,BLK CSH FND TREASURY SL AGENCY
CXO,CONCHO RESOURCES INC
ALGN,ALIGN TECHNOLOGY INC
PSA,PUBLIC STORAGE REIT
CNC,CENTENE CORP
NXPI,NXP SEMICONDUCTORS NV
ALXN,ALEXION PHARMACEUTICALS INC
DG,DOLLAR GENERAL CORP
YUM,YUM BRANDS INC
GLW,CORNING INC
ADM,ARCHER DANIELS MIDLAND
SQ,SQUARE INC CLASS A
MCO,MOODYS CORP
OKE,ONEOK INC
APH,AMPHENOL CORP CLASS A
ORLY,OREILLY AUTOMOTIVE INC
PPG,PPG INDUSTRIES INC
PEG,PUBLIC SERVICE ENTERPRISE GROUP IN
DFS,DISCOVER FINANCIAL SERVICES
MCK,MCKESSON CORP
ZBH,ZIMMER BIOMET HOLDINGS INC
AMD,ADVANCED MICRO DEVICES INC
DXC,DXC TECHNOLOGY
TROW,T ROWE PRICE GROUP INC
FTV,FORTIVE CORP
GIS,GENERAL MILLS INC
CCL,CARNIVAL CORP
IR,INGERSOLL RAND PLC
HPE,HEWLETT PACKARD ENTERPRISE
AVB,AVALONBAY COMMUNITIES REIT INC
PCG,PG&E CORP
PH,PARKER-HANNIFIN CORP
XEL,XCEL ENERGY INC
WY,WEYERHAEUSER REIT
PAYX,PAYCHEX INC
ED,CONSOLIDATED EDISON INC
PCAR,PACCAR INC
EQR,EQUITY RESIDENTIAL REIT
MTB,M&T BANK CORP
LRCX,LAM RESEARCH CORP
WELL,WELLTOWER INC
ROK,ROCKWELL AUTOMATION INC
SYF,SYNCHRONY FINANCIAL
COL,ROCKWELL COLLINS INC
KR,KROGER
A,AGILENT TECHNOLOGIES INC
RHT,RED HAT INC
MNST,MONSTER BEVERAGE CORP
DLR,DIGITAL REALTY TRUST REIT INC TRUS
CMI,CUMMINS INC
SWK,STANLEY BLACK & DECKER INC
FOX,TWENTY-FIRST CENTURY FOX INC CLASS
NTAP,NETAPP INC
APTV,APTIV PLC
NTRS,NORTHERN TRUST CORP TRUST
EIX,EDISON INTERNATIONAL
ANDV,ANDEAVOR
HLT,HILTON WORLDWIDE HOLDINGS INC
WEC,WEC ENERGY GROUP INC
TMUS,T MOBILE US INC
RCL,ROYAL CARIBBEAN CRUISES LTD
UAL,UNITED CONTINENTAL HOLDINGS INC
IQV,IQVIA HOLDINGS INC
LVS,LAS VEGAS SANDS CORP
AMP,AMERIPRISE FINANCE INC
IDXX,IDEXX LABORATORIES INC
CTL,CENTURYLINK INC
KEY,KEYCORP
PPL,PPL CORP
NUE,NUCOR CORP
WDAY,WORKDAY INC CLASS A
INFO,IHS MARKIT LTD
MSI,MOTOROLA SOLUTIONS INC
IP,INTERNATIONAL PAPER
XLNX,XILINX INC
CERN,CERNER CORP
DVN,DEVON ENERGY CORP
FCX,FREEPORT MCMORAN INC
HRS,HARRIS CORP
AZO,AUTOZONE INC
MRO,MARATHON OIL CORP
RF,REGIONS FINANCIAL CORP
DTE,DTE ENERGY
GPN,GLOBAL PAYMENTS INC
TWTR,TWITTER INC
PANW,PALO ALTO NETWORKS INC
ES,EVERSOURCE ENERGY
FLT,FLEETCOR TECHNOLOGIES INC
CLX,CLOROX
HES,HESS CORP
VRSK,VERISK ANALYTICS INC
DVMT,DELL TECHNOLOGIES CLASS V INC
DLTR,DOLLAR TREE INC
VTR,VENTAS REIT INC
MYL,MYLAN NV
CBS,CBS CORP CLASS B
WLTW,WILLIS TOWERS WATSON PLC
FITB,FIFTH THIRD BANCORP
APA,APACHE CORP
BXP,BOSTON PROPERTIES REIT INC
ABMD,ABIOMED INC
FE,FIRSTENERGY CORP
BBY,BEST BUY INC
AME,AMETEK INC
CFG,CITIZENS FINANCIAL GROUP INC
TDG,TRANSDIGM GROUP INC
TXT,TEXTRON INC
SBAC,SBA COMMUNICATIONS REIT CORP CLASS
LH,LABORATORY CORPORATION OF AMERICA
HIG,HARTFORD FINANCIAL SERVICES GROUP
MCHP,MICROCHIP TECHNOLOGY INC
TSS,TOTAL SYSTEM SERVICES INC
K,KELLOGG
BMRN,BIOMARIN PHARMACEUTICAL INC
WDC,WESTERN DIGITAL CORP
CTAS,CINTAS CORP
TSN,TYSON FOODS INC CLASS A
NOV,NATIONAL OILWELL VARCO INC
NEM,NEWMONT MINING CORP
CAH,CARDINAL HEALTH INC
FAST,FASTENAL
USD,USD CASH
PFG,PRINCIPAL FINANCIAL GROUP INC
VRSN,VERISIGN INC
SWKS,SKYWORKS SOLUTIONS INC
O,REALTY INCOME REIT CORP
LLL,L3 TECHNOLOGIES INC
SPLK,SPLUNK INC
HBAN,HUNTINGTON BANCSHARES INC
MKC,MCCORMICK & CO NON-VOTING INC
SIVB,SVB FINANCIAL GROUP
MKL,MARKEL CORP
RMD,RESMED INC
GWW,WW GRAINGER INC
ESS,ESSEX PROPERTY TRUST REIT INC TRUS
LNG,CHENIERE ENERGY INC
ULTA,ULTA BEAUTY INC
MXIM,MAXIM INTEGRATED PRODUCTS INC
AWK,AMERICAN WATER WORKS INC
AAL,AMERICAN AIRLINES GROUP INC
RSG,REPUBLIC SERVICES INC
KLAC,KLA TENCOR CORP
EFX,EQUIFAX INC
LULU,LULULEMON ATHLETICA INC
WCG,WELLCARE HEALTHCARE PLANS INC
AEE,AMEREN CORP
IAC,IAC INTERACTIVE
MSCI,MSCI INC
CMA,COMERICA INC
TIF,TIFFANY
EXPE,EXPEDIA GROUP INC
MTD,METTLER TOLEDO INC
CE,CELANESE CORP
OMC,OMNICOM GROUP INC
HST,HOST HOTELS & RESORTS REIT INC
TTWO,TAKE TWO INTERACTIVE SOFTWARE INC
ANSS,ANSYS INC
NBL,NOBLE ENERGY INC
EVRG,EVERGY INC
BLL,BALL CORP
BR,BROADRIDGE FINANCIAL SOLUTIONS INC
CTXS,CITRIX SYSTEMS INC
FRC,FIRST REPUBLIC BANK
ETR,ENTERGY CORP
VMC,VULCAN MATERIALS
WAT,WATER CORP CORP
LNC,LINCOLN NATIONAL CORP
DHI,D R HORTON INC
CHD,CHURCH AND DWIGHT INC
AMTD,TD AMERITRADE HOLDING CORP
ANET,ARISTA NETWORKS INC
HSY,HERSHEY FOODS
XYL,XYLEM INC
DGX,QUEST DIAGNOSTICS INC
GPC,GENUINE PARTS
TPR,TAPESTRY INC
BFB,BROWN FORMAN CORP CLASS B
CSGP,COSTAR GROUP INC
ABC,AMERISOURCEBERGEN CORP
SNPS,SYNOPSYS INC
L,LOEWS CORP
IT,GARTNER INC
CMS,CMS ENERGY CORP
CBRE,CBRE GROUP INC CLASS A
EMN,EASTMAN CHEMICAL
XPO,XPO LOGISTICS INC
TRU,TRANSUNION
CA,CA INC
AJG,ARTHUR J GALLAGHER
COO,COOPER INC
WRK,WESTROCK
CHRW,CH ROBINSON WORLDWIDE INC
FANG,DIAMONDBACK ENERGY INC
MGM,MGM RESORTS INTERNATIONAL
LEN,LENNAR A CORP
BHGE,BAKER HUGHES CLASS A
DRI,DARDEN RESTAURANTS INC
URI,UNITED RENTALS INC
ETFC,E TRADE FINANCIAL CORP
HSIC,HENRY SCHEIN INC
NLY,ANNALY CAPITAL MANAGEMENT REIT INC
CAG,CONAGRA BRANDS INC
GDDY,GODADDY INC CLASS A
CF,CF INDUSTRIES HOLDINGS INC
FDC,FIRST DATA CORP CLASS A
KMX,CARMAX INC
ARE,ALEXANDRIA REAL ESTATE EQUITIES RE
CDW,CDW CORP
DOV,DOVER CORP
SYMC,SYMANTEC CORP
EXPD,EXPEDITORS INTERNATIONAL OF WASHIN
TRGP,TARGA RESOURCES CORP
WYNN,WYNN RESORTS LTD
FTNT,FORTINET INC
YUMC,YUM CHINA HOLDINGS INC
VNO,VORNADO REALTY TRUST REIT TRUST
CDNS,CADENCE DESIGN SYSTEMS INC
GRUB,GRUBHUB INC
INCY,INCYTE CORP
VEEV,VEEVA SYSTEMS INC CLASS A
KSS,KOHLS CORP
KEYS,KEYSIGHT TECHNOLOGIES INC
HAS,HASBRO INC
JKHY,JACK HENRY ANS ASSOCIATES INC
CNP,CENTERPOINT ENERGY INC
TFX,TELEFLEX INC
HCP,HCP REIT INC
RJF,RAYMOND JAMES INC
PTC,PTC INC
AAP,ADVANCE AUTO PARTS INC
FMC,FMC CORP
DPZ,DOMINOS PIZZA INC
KSU,KANSAS CITY SOUTHERN
MOS,MOSAIC
VIAB,VIACOM INC CLASS B
EQT,EQT CORP
MLM,MARTIN MARIETTA MATERIALS INC
IEX,IDEX CORP
CINF,CINCINNATI FINANCIAL CORP
NCLH,NORWEGIAN CRUISE LINE HOLDINGS LTD
AKAM,AKAMAI TECHNOLOGIES INC
FFIV,F5 NETWORKS INC
SJM,JM SMUCKER
NRG,NRG ENERGY INC
ACGL,ARCH CAPITAL GROUP LTD
DXCM,DEXCOM INC
SSNC,SS AND C TECHNOLOGIES HOLDINGS INC
MAA,MID AMERICA APARTMENT COMMUNITIES
MAS,MASCO CORP
ADS,ALLIANCE DATA SYSTEMS CORP
HFC,HOLLYFRONTIER CORP
ALLY,ALLY FINANCIAL INC
IFF,INTERNATIONAL FLAVORS & FRAGRANCES
ALB,ALBEMARLE CORP
HOLX,HOLOGIC INC
TSCO,TRACTOR SUPPLY
TRMB,TRIMBLE INC
PKI,PERKINELMER INC
CBOE,CBOE GLOBAL MARKETS INC
CMG,CHIPOTLE MEXICAN GRILL INC
HII,HUNTINGTON INGALLS INDUSTRIES INC
MRVL,MARVELL TECHNOLOGY GROUP LTD
VMW,VMWARE INC CLASS A
TAP,MOLSON COORS BREWING CLASS B
HRL,HORMEL FOODS CORP
LW,LAMB WESTON HOLDINGS INC
MHK,MOHAWK INDUSTRIES INC
UDR,UDR REIT INC
STLD,STEEL DYNAMICS INC
EXR,EXTRA SPACE STORAGE REIT INC
JBHT,JB HUNT TRANSPORT SERVICES INC
SNA,SNAP ON INC
NBIX,NEUROCRINE BIOSCIENCES INC
PVH,PVH CORP
VAR,VARIAN MEDICAL SYSTEMS INC
MTN,VAIL RESORTS INC
FNF,FIDELITY NATIONAL FINANCIAL INC
DISCK,DISCOVERY INC SERIES C
VST,VISTRA ENERGY CORP
ARMK,ARAMARK
UHS,UNIVERSAL HEALTH SERVICES INC CLAS
CPRT,COPART INC
JNPR,JUNIPER NETWORKS INC
BURL,BURLINGTON STORES INC
ODFL,OLD DOMINION FREIGHT LINE INC
PKG,PACKAGING CORP OF AMERICA CORP
M,MACYS INC
ATO,ATMOS ENERGY CORP
DRE,DUKE REALTY REIT CORP
JEC,JACOBS ENGINEERING GROUP INC
LNT,ALLIANT ENERGY CORP
NLSN,NIELSEN HOLDINGS PLC
LKQ,LKQ CORP
LDOS,LEIDOS HOLDINGS INC
COG,CABOT OIL & GAS CORP
NDAQ,NASDAQ INC
QRVO,QUORVO INC
SPR,SPIRIT AEROSYSTEMS INC CLASS A
JAZZ,JAZZ PHARMACEUTICALS PLC
REG,REGENCY CENTERS REIT CORP
ULTI,ULTIMATE SOFTWARE GROUP INC
LEA,LEAR CORP
ARNC,ARCONIC INC
IRM,IRON MOUNTAIN INC
BG,BUNGE LTD
AVY,AVERY DENNISON CORP
UGI,UGI CORP
AES,AES CORP
DVA,DAVITA INC
STE,STERIS
ZION,ZIONS BANCORPORATION
KORS,MICHAEL KORS HOLDINGS LTD
BEN,FRANKLIN RESOURCES INC
IVZ,INVESCO LTD
RE,EVEREST RE GROUP LTD
DOX,AMDOCS LTD
EXAS,EXACT SCIENCES CORP
Y,ALLEGHANY CORP
QRTEA,QURATE RETAIL INC SERIES A
CGNX,COGNEX CORP
PRGO,PERRIGO PLC
TMK,TORCHMARK CORP
NI,NISOURCE INC
XEC,CIMAREX ENERGY
MOH,MOLINA HEALTHCARE INC
WST,WEST PHARMACEUTICAL SERVICES INC
ZBRA,ZEBRA TECHNOLOGIES CORP CLASS A
PNW,PINNACLE WEST CORP
FRT,FEDERAL REALTY INVESTMENT TRUST RE
RGA,REINSURANCE GROUP OF AMERICA INC
BWA,BORGWARNER INC
AGNC,AGNC INVESTMENT REIT CORP
NWL,NEWELL BRANDS INC
WAB,WESTINGHOUSE AIR BRAKE TECHNOLOGIE
TYL,TYLER TECHNOLOGIES INC
SRPT,SAREPTA THERAPEUTICS INC
IPG,INTERPUBLIC GROUP OF COMPANIES INC
SGEN,SEATTLE GENETICS INC
NKTR,NEKTAR THERAPEUTICS
EWBC,EAST WEST BANCORP INC
LBRDK,LIBERTY BROADBAND CORP SERIES C
ALLE,ALLEGION PLC
FDS,FACTSET RESEARCH SYSTEMS INC
TDY,TELEDYNE TECHNOLOGIES INC
TEAM,ATLASSIAN CORP PLC CLASS A
FLR,FLUOR CORP
WU,WESTERN UNION
RPM,RPM INTERNATIONAL INC
CPT,CAMDEN PROPERTY TRUST REIT TRUST
QGEN,QIAGEN NV
SUI,SUN COMMUNITIES REIT INC
RHI,ROBERT HALF
UNM,UNUM
SLG,SL GREEN REALTY REIT CORP
XRAY,DENTSPLY SIRONA INC
FLIR,FLIR SYSTEMS INC
CDK,CDK GLOBAL INC
ATH,ATHENE HOLDING LTD CLASS A
ST,SENSATA TECHNOLOGIES HOLDING PLC
PE,PARSLEY ENERGY INC CLASS A
NDSN,NORDSON CORP
WPX,WPX ENERGY INC
WEX,WEX INC
VOYA,VOYA FINANCIAL INC
VICI,VICI PPTYS INC
ELS,EQUITY LIFESTYLE PROPERTIES REIT I
SIRI,SIRIUS XM HOLDINGS INC
SEIC,SEI INVESTMENTS
AFG,AMERICAN FINANCIAL GROUP INC
DISH,DISH NETWORK CORP CLASS A
KAR,KAR AUCTION SERVICES INC
GRMN,GARMIN LTD
ALK,ALASKA AIR GROUP INC
AZPN,ASPEN TECHNOLOGY INC
ON,ON SEMICONDUCTOR CORP
GWRE,GUIDEWIRE SOFTWARE INC
W,WAYFAIR INC CLASS A
LII,LENNOX INTERNATIONAL INC
NVR,NVR INC
AA,ALCOA CORP
HDS,HD SUPPLY HOLDINGS INC
PF,PINNACLE FOODS INC
ALNY,ALNYLAM PHARMACEUTICALS INC
SCI,SERVICE
BLUE,BLUEBIRD BIO INC
LYV,LIVE NATION ENTERTAINMENT INC
WRB,WR BERKLEY CORP
EGN,ENERGEN CORP
GGG,GRACO INC
HOG,HARLEY DAVIDSON INC
EHC,ENCOMPASS HEALTH CORP
DCI,DONALDSON INC
DATA,TABLEAU SOFTWARE INC CLASS A
TECH,BIO TECHNE CORP
PAYC,PAYCOM SOFTWARE INC
FBHS,FORTUNE BRANDS HOME AND SECURITY I
OGE,OGE ENERGY CORP
AOS,A O SMITH CORP
INGR,INGREDION INC
HP,HELMERICH & PAYNE INC
MAC,MACERICH REIT
WHR,WHIRLPOOL CORP
AMG,AFFILIATED MANAGERS GROUP INC
LSXMK,LIBERTY MEDIA LIBERTY SIRIUSXM COR
FWONK,LIBERTY MEDIA FORMULA ONE CORP SER
FLS,FLOWSERVE CORP
HUBB,HUBBELL INC
BKI,BLACK KNIGHT INC
CC,CHEMOURS
GLPI,GAMING AND LEISURE PROPERTIES REIT
RL,RALPH LAUREN CORP CLASS A
JWN,NORDSTROM INC
VER,VEREIT INC
CSL,CARLISLE COMPANIES INC
EPAM,EPAM SYSTEMS INC
KRC,KILROY REALTY REIT CORP
AIV,APARTMENT INVESTMENT AND MANAGEMEN
TER,TERADYNE INC
ZEN,ZENDESK INC
INVH,INVITATION HOMES INC
PNR,PENTAIR
BAH,BOOZ ALLEN HAMILTON HOLDING CORP C
MIDD,MIDDLEBY CORP
ZAYO,ZAYO GROUP HOLDINGS INC
LB,L BRANDS INC
BRO,BROWN & BROWN INC
FIVE,FIVE BELOW INC
NNN,NATIONAL RETAIL PROPERTIES REIT IN
JEF,JEFFERIES FINANCIAL GROUP INC
WTR,AQUA AMERICA INC
WPC,W. P. CAREY REIT INC
KIM,KIMCO REALTY REIT CORP
ATR,APTARGROUP INC
BFAM,BRIGHT HORIZONS FAMILY SOLUTIONS I
USFD,US FOODS HOLDING CORP
FICO,FAIR ISAAC CORP
LAMR,LAMAR ADVERTISING COMPANY CLAS
MKTX,MARKETAXESS HOLDINGS INC
CTLT,CATALENT INC
CPB,CAMPBELL SOUP
ALKS,ALKERMES
PHM,PULTEGROUP INC
PK,PARK HOTELS RESORTS INC
POOL,POOL CORP
JLL,JONES LANG LASALLE INC
SEE,SEALED AIR CORP
ARW,ARROW ELECTRONICS INC
CRL,CHARLES RIVER LABORATORIES INTERNA
PBCT,PEOPLES UNITED FINANCIAL INC
HBI,HANESBRANDS INC
BIO,BIO RAD LABORATORIES INC CLASS A
SABR,SABRE CORP
WBC,WABCO HOLDINGS INC
POST,POST HOLDINGS INC
BERY,BERRY GLOBAL GROUP INC
SAGE,SAGE THERAPEUTICS INC
BWXT,BWX TECHNOLOGIES INC
CCK,CROWN HOLDINGS INC
OHI,OMEGA HEALTHCARE INVESTORS REIT IN
HRC,HILL ROM HOLDINGS INC
CLR,CONTINENTAL RESOURCES INC
ORI,OLD REPUBLIC INTERNATIONAL CORP
CBSH,COMMERCE BANCSHARES INC
PRAH,PRA HEALTH SCIENCES INC
SBNY,SIGNATURE BANK
CONE,CYRUSONE REIT INC
CZR,CAESARS ENTERTAINMENT CORP
AYI,ACUITY BRANDS INC
XRX,XEROX CORP
AXTA,AXALTA COATING SYSTEMS LTD
IDTI,INTEGRATED DEVICE TECHNOLOGY INC
CW,CURTISS WRIGHT CORP
RS,RELIANCE STEEL & ALUMINUM
ALSN,ALLISON TRANSMISSION HOLDINGS INC
LPT,LIBERTY PROPERTY REIT TRUST
TTC,TORO
PBF,PBF ENERGY INC CLASS A
COTY,COTY INC CLASS A
JBLU,JETBLUE AIRWAYS CORP
EV,EATON VANCE COM NON VOTING CORP
RIG,TRANSOCEAN LTD
VVC,VECTREN CORP
GPS,GAP INC
DEI,DOUGLAS EMMETT REIT INC
DNKN,DUNKIN BRANDS GROUP INC
LECO,LINCOLN ELECTRIC HOLDINGS INC
IONS,IONIS PHARMACEUTICALS INC
CFR,CULLEN FROST BANKERS INC
OC,OWENS CORNING
HLF,HERBALIFE NUTRITION LTD
NRZ,NEW RESIDENTIAL INVESTMENT REIT CO
HXL,HEXCEL CORP
OKTA,OKTA INC CLASS A
HUN,HUNTSMAN CORP
HAE,HAEMONETICS CORP
PII,POLARIS INDUSTRIES INC
MSG,MADISON SQUARE GARDEN CLASS A
NFX,NEWFIELD EXPLORATION
EEFT,EURONET WORLDWIDE INC
PODD,INSULET CORP
RNG,RINGCENTRAL INC CLASS A
LIVN,LIVANOVA PLC
BC,BRUNSWICK CORP
ROL,ROLLINS INC
CIT,CIT GROUP INC
MASI,MASIMO CORP
AIZ,ASSURANT INC
LPLA,LPL FINANCIAL HOLDINGS INC
TWLO,TWILIO INC CLASS A
HEIA,HEICO CORP CLASS A
PACW,PACWEST BANCORP
MUR,MURPHY OIL CORP
LAZ,LAZARD LTD CLASS A
WSO,WATSCO INC
LEG,LEGGETT & PLATT INC
EVHC,ENVISION HEALTHCARE CORP
GT,GOODYEAR TIRE & RUBBER
COMM,COMMSCOPE HOLDING INC
WAL,WESTERN ALLIANCE
RNR,RENAISSANCERE HOLDING LTD
FHN,FIRST HORIZON NATIONAL CORP
ETSY,ETSY INC
IPGP,IPG PHOTONICS CORP
GNTX,GENTEX CORP
ACC,AMERICAN CAMPUS COMMUNITIES REIT I
FL,FOOT LOCKER INC
MAN,MANPOWER INC
SON,SONOCO PRODUCTS
LGND,LIGAND PHARMACEUTICALS INC
AMH,AMERICAN HOMES RENT REIT CLASS A
SERV,SERVICEMASTER GLOBAL HOLDINGS INC
STWD,STARWOOD PROPERTY TRUST REIT INC
FAF,FIRST AMERICAN FINANCIAL CORP
SCG,SCANA CORP
GWR,GENESEE & WYOMING INC CLASS A
SNV,SYNOVUS FINANCIAL CORP
UTHR,UNITED THERAPEUTICS CORP
WH,WYNDHAM HOTELS RESORTS INC
FCEA,FOREST CITY REALTY REIT INC TRUST
TDOC,TELADOC HEALTH INC
ITT,ITT INC
EXEL,EXELIXIS INC
BHF,BRIGHTHOUSE FINANCIAL INC
TRN,TRINITY INDUSTRIES INC
HRB,H&R BLOCK INC
HTA,HEALTHCARE TRUST OF AMERICA REIT I
NATI,NATIONAL INSTRUMENTS CORP
TRIP,TRIPADVISOR INC
CUBE,CUBESMART REIT
WBS,WEBSTER FINANCIAL CORP
MAT,MATTEL INC
LOPE,GRAND CANYON EDUCATION INC
MPW,MEDICAL PROPERTIES TRUST REIT INC
AVT,AVNET INC
ACM,AECOM
WSM,WILLIAMS SONOMA INC
DNB,DUN & BRADSTREET CORP
HUBS,HUBSPOT INC
CY,CYPRESS SEMICONDUCTOR CORP
OLED,UNIVERSAL DISPLAY CORP
ASH,ASHLAND GLOBAL INC
Z,ZILLOW GROUP INC CLASS C
GLIBA,GCI LIBERTY INC CLASS A
DISCA,DISCOVERY INC SERIES A
BRX,BRIXMOR PROPERTY GROUP REIT INC
MDU,MDU RESOURCES GROUP INC
MPWR,MONOLITHIC POWER SYSTEMS INC
X,US STEEL CORP CORP
OSK,OSHKOSH CORP
CHE,CHEMED CORP
PRI,PRIMERICA INC
PFPT,PROOFPOINT INC
NWSA,NEWS CORP CLASS A
RGLD,ROYAL GOLD INC
HPP,HUDSON PACIFIC PROPERTIES REIT INC
EPR,EPR PROPERTIES REIT
STOR,STORE CAPITAL CORP
BPOP,POPULAR INC
ATHN,ATHENAHEALTH INC
HQY,HEALTHEQUITY INC
PWR,QUANTA SERVICES INC
THG,HANOVER INSURANCE GROUP INC
KEX,KIRBY CORP
IDA,IDACORP INC
AXS,AXIS CAPITAL HOLDINGS LTD
SLM,SLM CORP
NUAN,NUANCE COMMUNICATIONS INC
GRA,WR GRACE
CR,CRANE
STL,STERLING BAN
NYCB,NEW YORK COMMUNITY BANCORP INC
HHC,HOWARD HUGHES CORP
MTG,MGIC INVESTMENT CORP
HIW,HIGHWOODS PROPERTIES REIT INC
LSTR,LANDSTAR SYSTEM INC
CASY,CASEYS GENERAL STORES INC
TOL,TOLL BROTHERS INC
SIX,SIX FLAGS ENTERTAINMENT CORP
BLKB,BLACKBAUD INC
WLL,WHITING PETROLEUM CORP
PB,PROSPERITY BANCSHARES INC
CACC,CREDIT ACCEPTANCE CORP
SRCL,STERICYCLE INC
OLLI,OLLIES BARGAIN OUTLET HOLDINGS INC
WTFC,WINTRUST FINANCIAL CORP
IART,INTEGRA LIFESCIENCES HOLDINGS CORP
LFUS,LITTELFUSE INC
PLNT,PLANET FITNESS INC CLASS A
OZK,BANK OZK
HPT,HOSPITALITY PROPERTIES TRUST REIT
UMPQ,UMPQUA HOLDINGS CORP
G,GENPACT LTD
AL,AIR LEASE CORP CLASS A
AGO,ASSURED GUARANTY LTD
FGEN,FIBROGEN INC
PNFP,PINNACLE FINANCIAL PARTNERS INC
GPK,GRAPHIC PACKAGING HOLDING
IBKC,IBERIABANK CORP
NFG,NATIONAL FUEL GAS
CRI,CARTERS INC
LOGM,LOGMEIN INC
NUS,NU SKIN ENTERPRISES INC CLASS A
NVT,NVENT ELECTRIC PLC
TDC,TERADATA CORP
CACI,CACI INTERNATIONAL INC CLASS A
RDN,RADIAN GROUP INC
JBL,JABIL INC
NTNX,NUTANIX INC CLASS A
MKSI,MKS INSTRUMENTS INC
TXRH,TEXAS ROADHOUSE INC
S,SPRINT CORP
GPT,GRAMERCY PROPERTY REIT TRUST
LSI,LIFE STORAGE INC
LOXO,LOXO ONCOLOGY INC
WWD,WOODWARD INC
AR,ANTERO RESOURCES CORP
ASB,ASSOCIATED BANCORP
ICUI,ICU MEDICAL INC
NSP,INSPERITY INC
RP,REALPAGE INC
BMS,BEMIS INC
CIEN,CIENA CORP
PEN,PENUMBRA INC
CNDT,CONDUENT INC
PSTG,PURE STORAGE INC CLASS A
ARRS,ARRIS INTERNATIONAL PLC
TREX,TREX INC
MD,MEDNAX INC
GDOT,GREEN DOT CORP CLASS A
DLB,DOLBY LABORATORIES INC CLASS A
EME,EMCOR GROUP INC
KMPR,KEMPER CORP
OGS,ONE GAS INC
COHR,COHERENT INC
TTD,TRADE DESK INC CLASS A
INGN,INOGEN INC
VAC,MARRIOTT VACATIONS WORLDWIDE CORP
KNX,KNIGHT-SWIFT TRANSPORTATION HOLDIN
ENTG,ENTEGRIS INC
THO,THOR INDUSTRIES INC
EXP,EAGLE MATERIALS INC
ESNT,ESSENT GROUP LTD
IBKR,INTERACTIVE BROKERS GROUP INC CLAS
RYN,RAYONIER REIT INC
KDP,KEURIG DR PEPPER INC
PRLB,PROTO LABS INC
OLN,OLIN CORP
POR,PORTLAND GENERAL ELECTRIC
FNB,FNB CORP
SNH,SENIOR HOUSING PROPERTIES TRUST RE
MDSO,MEDIDATA SOLUTIONS INC
CHK,CHESAPEAKE ENERGY CORP
WWE,WORLD WRESTLING ENTERTAINMENT INC
WYND,WYNDHAM DESTINATIONS INC
COR,CORESITE REALTY REIT CORP
CDEV,CENTENNIAL RESOURCE DEVELOPMENT IN
CNK,CINEMARK HOLDINGS INC
NGVT,INGEVITY CORP
CLGX,CORELOGIC INC
MMS,MAXIMUS INC
SWX,SOUTHWEST GAS HOLDINGS INC
VVV,VALVOLINE INC
FSLR,FIRST SOLAR INC
PTEN,PATTERSON UTI ENERGY INC
EQC,EQUITY COMMONWEALTH REIT
HE,HAWAIIAN ELECTRIC INDUSTRIES INC
TWOU,2U INC
TCBI,TEXAS CAPITAL BANCSHARES INC
COUP,COUPA SOFTWARE INC
SLAB,SILICON LABORATORIES INC
SBRA,SABRA HEALTH CARE REIT INC
AGCO,AGCO CORP
EVR,EVERCORE INC CLASS A
NJR,NEW JERSEY RESOURCES CORP
CLF,CLEVELAND CLIFFS INC
APLE,APPLE HOSPITALITY REIT INC
VSM,VERSUM MATERIALS INC
RHP,RYMAN HOSPITALITY PROPERTIES REIT
NEWR,NEW RELIC INC
ASGN,ASGN INC
UAA,UNDER ARMOUR INC CLASS A
HWC,HANCOCK WHITNEY CORP
MBFI,MB FINANCIAL INC
SIG,SIGNET JEWELERS LTD
LSXMA,LIBERTY MEDIA LIBERTY SIRIUSXM COR
ENDP,ENDO INTERNATIONAL PLC
FFIN,FIRST FINANCIAL BANKSHARES INC
LHO,LASALLE HOTEL PROPERTIES REIT
ENS,ENERSYS
FR,FIRST INDUSTRIAL REALTY TRUST INC
MSM,MSC INDUSTRIAL INC CLASS A
LPX,LOUISIANA PACIFIC CORP
AGIO,AGIOS PHARMACEUTICALS INC
AAN,AARONS INC
TCF,TCF FINANCIAL CORP
JBGS,JBG SMITH PROPERTIES
CABO,CABLE ONE INC
CBT,CABOT CORP
RLJ,RLJ LODGING TRUST REIT TRUST
OAS,OASIS PETROLEUM INC
JBT,JOHN BEAN TECHNOLOGIES CORP
ALE,ALLETE INC
STAY,EXTENDED STAY AMERICA UNITS INC
BXMT,BLACKSTONE MORTGAGE TRUST REIT CLA
GMED,GLOBUS MEDICAL INC CLASS A
RBC,REGAL BELOIT CORP
RAMP,LIVERAMP HOLDINGS INC
SMTC,SEMTECH CORP
NVCR,NOVOCURE LTD
YELP,YELP INC
AAXN,AXON ENTERPRISE INC
JCOM,J2 GLOBAL INC
STMP,STAMPS.COM INC
PRSP,PERSPECTA INC
TWO,TWO HARBORS INVESTMENT REIT CORP
RARE,ULTRAGENYX PHARMACEUTICAL INC
BKU,BANKUNITED INC
HEI,HEICO CORP
TTEK,TETRA TECH INC
CHFC,CHEMICAL FINANCIAL CORP
SM,SM ENERGY
MIC,MACQUARIE INFRASTRUCTURE CORP
ATI,ALLEGHENY TECHNOLOGIES INC
FCNCA,FIRST CITIZENS BANCSHARES INC CLAS
KMT,KENNAMETAL INC
RRC,RANGE RESOURCES CORP
LITE,LUMENTUM HOLDINGS INC
CUZ,COUSINS PROPERTIES REIT INC
VLY,VALLEY NATIONAL
FCFS,FIRSTCASH INC
R,RYDER SYSTEM INC
CREE,CREE INC
AEO,AMERICAN EAGLE OUTFITTERS INC
UA,UNDER ARMOUR INC CLASS C
CLH,CLEAN HARBORS INC
WRI,WEINGARTEN REALTY INVESTORS REIT
SCCO,SOUTHERN COPPER CORP
NAVI,NAVIENT CORP
ROLL,RBC BEARINGS INC
SKX,SKECHERS USA INC CLASS A
ADNT,ADIENT PLC
SRC,SPIRIT REALTY CAPITAL REIT INC
UBSI,UNITED BANKSHARES INC
WMGI,WRIGHT MEDICAL GROUP NV
MTDR,MATADOR RESOURCES
MMSI,MERIT MEDICAL SYSTEMS INC
SHO,SUNSTONE HOTEL INVESTORS REIT INC
UNVR,UNIVAR INC
NUVA,NUVASIVE INC
GBCI,GLACIER BANCORP INC
SR,SPIRE INC
DK,DELEK US HOLDINGS INC
MSA,MSA SAFETY INC
CNO,CNO FINANCIAL GROUP INC
NXST,NEXSTAR MEDIA GROUP INC CLASS A
BCO,BRINKS
VSAT,VIASAT INC
CMD,CANTEL MEDICAL CORP
SF,STIFEL FINANCIAL CORP
HR,HEALTHCARE REALTY TRUST REIT INC T
CIM,CHIMERA INVESTMENT CORP
TSE,TRINSEO
MANH,MANHATTAN ASSOCIATES INC
POL,POLYONE CORP
TCO,TAUBMAN CENTERS REIT INC
HI,HILLENBRAND INC
BCPC,BALCHEM CORP
TRCO,TRIBUNE MEDIA COMPANY CLASS A
SIGI,SELECTIVE INSURANCE GROUP INC
NEOG,NEOGEN CORP
TKR,TIMKEN
FLO,FLOWERS FOODS INC
BRKR,BRUKER CORP
SAIC,SCIENCE APPLICATIONS INTERNATIONAL
USG,USG CORP
APY,APERGY CORP
HELE,HELEN OF TROY LTD
CHDN,CHURCHILL DOWNS INC
BOH,BANK OF HAWAII CORP.
HOMB,HOME BANCSHARES INC
H,HYATT HOTELS CORP CLASS A
GATX,GATX CORP
SXT,SENSIENT TECHNOLOGIES CORP
UMBF,UMB FINANCIAL CORP
ENR,ENERGIZER HOLDINGS INC
AMED,AMEDISYS INC
B,BARNES GROUP INC
MFA,MFA FINANCIAL REIT INC
NCR,NCR CORP
UNIT,UNITI GROUP INC
SFM,SPROUTS FARMERS MARKET INC
EGP,EASTGROUP PROPERTIES REIT INC
ERI,ELDORADO RESORTS INC
HGV,HILTON GRAND VACATIONS INC
BPR,BROOKFIELD PROPERTY REIT INC CLASS
WWW,WOLVERINE WORLD WIDE INC
NEU,NEWMARKET CORP
CATY,CATHAY GENERAL BANCORP
GNRC,GENERAC HOLDINGS INC
HZNP,HORIZON PHARMA PLC
SMG,SCOTTS MIRACLE GRO
VRNT,VERINT SYSTEMS INC
DECK,DECKERS OUTDOOR CORP
PGRE,PARAMOUNT GROUP REIT INC
PFGC,PERFORMANCE FOOD GROUP
BOKF,BOK FINANCIAL CORP
CFX,COLFAX CORP
OI,OWENS ILLINOIS INC
CHGG,CHEGG INC
FEYE,FIREEYE INC
RXN,REXNORD CORP
UFS,DOMTAR CORP
AVA,AVISTA CORP
PDCE,PDC ENERGY INC
MDR,MCDERMOTT INTERNATIONAL INC
KLXI,KLX INC
GDI,GARDNER DENVER HOLDINGS INC
ROKU,ROKU INC CLASS A
DOC,PHYSICIANS REALTY TRUST REIT TRUST
ELLI,ELLIE MAE INC
SYNH,SYNEOS HEALTH INC
WEN,WENDYS
VMI,VALMONT INDS INC
BXS,BANCORPSOUTH
AWI,ARMSTRONG WORLD INDUSTRIES INC
KS,KAPSTONE PAPER AND PACKAGING CORP
HCSG,HEALTHCARE SERVICES INC
SJI,S JERSEY INDS INC
BKH,BLACK HILLS CORP
SPB,SPECTRUM BRANDS HOLDINGS INC
ISBC,INVESTORS BANCORP INC
ZNGA,ZYNGA INC CLASS A
WLK,WESTLAKE CHEMICAL CORP
SSD,SIMPSON MANUFACTURING INC
SWN,SOUTHWESTERN ENERGY
VG,VONAGE HOLDINGS CORP
BGCP,BGC PARTNERS INC CLASS A
BPMC,BLUEPRINT MEDICINES CORP
MYGN,MYRIAD GENETICS INC
DAR,DARLING INGREDIENTS INC
ERIE,ERIE INDEMNITY CLASS A
PNM,PNM RESOURCES INC
KBR,KBR INC
SAVE,SPIRIT AIRLINES INC
CBU,COMMUNITY BANK SYSTEM INC
CSOD,CORNERSTONE ONDEMAND INC
NYT,NEW YORK TIMES CLASS A
AVNS,AVANOS MEDICAL INC
ACHC,ACADIA HEALTHCARE COMPANY INC
ONB,OLD NATIONAL BANCORP
FTDR,FRONTDOOR INC
ACIW,ACI WORLDWIDE INC
TDS,TELEPHONE AND DATA SYSTEMS INC
LHCG,LHC GROUP INC
GEO,GEO GROUP REIT INC
CLNY,COLONY CAPITAL INC CLASS A
EPAY,BOTTOMLINE TECHNOLOGIES INC
AEL,AMERICAN EQUITY INVESTMENT LIFE HO
IMMU,IMMUNOMEDICS INC
CNX,CNX RESOURCES CORP
CMPR,CIMPRESS NV
SITE,SITEONE LANDSCAPE SUPPLY INC
CHH,CHOICE HOTELS INTERNATIONAL INC
FFBC,FIRST FINANCIAL BANCORP
IRBT,IROBOT CORP
MTCH,MATCH GROUP INC
AIT,APPLIED INDUSTRIAL TECHNOLOGIES IN
ARRY,ARRAY BIOPHARMA INC
EQH,AXA EQUITABLE HOLDINGS INC
SKYW,SKYWEST INC
CPE,CALLON PETROLEUM
NHI,NATIONAL HEALTH INVESTORS REIT INC
REXR,REXFORD INDUSTRIAL REALTY REIT INC
AMCX,AMC NETWORKS CLASS A INC
BTU,PEABODY ENERGY CORP
EBS,EMERGENT BIOSOLUTIONS INC
FCN,FTI CONSULTING INC
BDC,BELDEN INC
FHB,FIRST HAWAIIAN INC
WCC,WESCO INTERNATIONAL INC
CXP,COLUMBIA PROPERTY REIT INC TRUST
SSB,SOUTH STATE CORP
URBN,URBAN OUTFITTERS INC
CBRL,CRACKER BARREL OLD COUNTRY STORE I
OFC,CORPORATE OFFICE PROPERTIES TRUST
SHOO,STEVEN MADDEN LTD
WTM,WHITE MOUNTAINS INSURANCE GROUP LT
NWE,NORTHWESTERN CORP
LANC,LANCASTER COLONY CORP
WTW,WEIGHT WATCHERS INTERNATIONAL INC
QLYS,QUALYS INC
FULT,FULTON FINANCIAL CORP
WFT,WEATHERFORD INTERNATIONAL PLC
JWA,JOHN WILEY AND SONS INC CLASS A
IIVI,II VI INC
BOX,BOX INC CLASS A
CXW,CORECIVIC REIT INC
COLM,COLUMBIA SPORTSWEAR
OMCL,OMNICELL INC
RLI,RLI CORP
MTZ,MASTEC INC
TECD,TECH DATA CORP
DNR,DENBURY RESOURCES INC
ATGE,ADTALEM GLOBAL EDUCATION INC
KWR,QUAKER CHEMICAL CORP
STAG,STAG INDUSTRIAL REIT INC
AGR,AVANGRID INC
XHR,XENIA HOTELS RESORTS REIT INC
OUT,OUTFRONT MEDIA INC
VIAV,VIAVI SOLUTIONS INC
VC,VISTEON CORP
HAIN,HAIN CELESTIAL GROUP INC
CRS,CARPENTER TECHNOLOGY CORP
PAH,PLATFORM SPECIALTY PRODUCTS CORP
UNF,UNIFIRST CORP
LM,LEGG MASON INC
TEX,TEREX CORP
QEP,QEP RESOURCES INC
DKS,DICKS SPORTING INC
NTB,BANK OF NT BUTTERFIELD & SON LTD
COLB,COLUMBIA BANKING SYSTEM INC
ROG,ROGERS CORP
BYD,BOYD GAMING CORP
MOGA,MOOG INC CLASS A
IDCC,INTERDIGITAL INC
PCH,POTLATCHDELTIC CORP
GLNG,GOLAR LNG LTD
EXPO,EXPONENT INC
FMBI,FIRST MIDWEST BANCORP INC
DAN,DANA INCORPORATED INC
STRA,STRATEGIC EDUCATION INC
KFY,KORN FERRY INTERNATIONAL
ENV,ENVESTNET INC
FUL,HB FULLER
EPC,EDGEWELL PERSONAL CARE
ICPT,INTERCEPT PHARMACEUTICALS INC
DY,DYCOM INDUSTRIES INC
DLX,DELUXE CORP
AMN,AMN HEALTHCARE INC
VSH,VISHAY INTERTECHNOLOGY INC
BFA,BROWN FORMAN CORP CLASS A
BDN,BRANDYWINE REALTY TRUST REIT TRUST
MED,MEDIFAST INC
THS,TREEHOUSE FOODS INC
RPAI,RETAIL PROPERTIES OF AMERICA REIT
KW,KENNEDY WILSON HOLDINGS INC
MUSA,MURPHY USA INC
CCMP,CABOT MICROELECTRONICS CORP
TGNA,TEGNA INC
HMSY,HMS HOLDINGS CORP
OII,OCEANEERING INTERNATIONAL INC
CARG,CARGURUS INC CLASS A
MRCY,MERCURY SYSTEMS INC
WAFD,WASHINGTON FEDERAL INC
AHL,ASPEN INSURANCE HOLDINGS LTD
PSB,PS BUSINESS PARKS REIT INC
ESGR,ENSTAR GROUP LTD
BRKS,BROOKS AUTOMATION INC
WBT,WELBILT INC
SFNC,SIMMONS FIRST NATIONAL CORP CLASS
EE,EL PASO ELECTRIC
DRH,DIAMONDROCK HOSPITALITY REIT
ITGR,INTEGER HOLDINGS CORP
UHAL,AMERCO
CVLT,COMMVAULT SYSTEMS INC
MTX,MINERALS TECHNOLOGIES INC
UBSH,UNION BANKSHARES CORP
GTLS,CHART INDUSTRIES INC
FII,FEDERATED INVESTORS INC CLASS B
IRWD,IRONWOOD PHARMA INC CLASS A
MNK,MALLINCKRODT
UE,URBAN EDGE PROPERTIES
CVBF,CVB FINANCIAL CORP
LILAK,LIBERTY LATIN AMERICA LTD CLASS C
SNX,SYNNEX CORP
CCOI,COGENT COMMUNICATIONS HOLDINGS INC
RLGY,REALOGY HOLDINGS CORP
CMC,COMMERCIAL METALS
IBOC,INTERNATIONAL BANCSHARES CORP
CPA,COPA HOLDINGS A SA
LEXEA,LIBERTY EXPEDIA HOLDINGS INC SERIE
MDRX,ALLSCRIPTS HEALTHCARE SOLUTIONS IN
CRUS,CIRRUS LOGIC INC
PLAY,DAVE AND BUSTERS ENTERTAINMENT INC
MC,MOELIS CLASS A
RDC,ROWAN COMPANIES CLASS A PLC
SUPN,SUPERNUS PHARMACEUTICALS INC
TNET,TRINET GROUP INCINARY
PDM,PIEDMONT OFFICE REALTY TRUST REIT
AVAV,AEROVIRONMENT INC
CSFL,CENTERSTATE BANKS CORP
WRE,WASHINGTON REAL ESTATE INVESTMENT
PEB,PEBBLEBROOK HOTEL TRUST REIT TRUST
LGFB,LIONS GATE ENTERTAINMENT NON VOTIN
PINC,PREMIER INC CLASS A
PRA,PROASSURANCE CORP
FIVN,FIVE9 INC
OMF,ONEMAIN HOLDINGS INC
RH,RH
AIN,ALBANY INTERNATIONAL CORP CLASS A
P,PANDORA MEDIA INC
JACK,JACK IN THE BOX INC
ZG,ZILLOW GROUP INC CLASS A
AN,AUTONATION INC
FOXF,FOX FACTORY HOLDING CORP
GWB,GREAT WESTERN BANCORP INC
GHC,GRAHAM HOLDINGS COMPANY CLASS B
PEGA,PEGASYSTEMS INC
ESL,ESTERLINE TECHNOLOGIES CORP
JJSF,J AND J SNACK FOODS CORP
ARI,APOLLO COMMERCIAL REAL ESTATE FINA
CAKE,CHEESECAKE FACTORY INC
CVG,CONVERGYS CORP
UCBI,UNITED COMMUNITY BANKS INC
CMP,COMPASS MINERALS INTERNATIONAL INC
MGEE,MGE ENERGY INC
ORA,ORMAT TECH INC
CVCO,CAVCO INDUSTRIES INC
MDCO,MEDICINES
FOLD,AMICUS THERAPEUTICS INC
NOVT,NOVANTA INC
CAR,AVIS BUDGET GROUP INC
SAM,BOSTON BEER INC CLASS A
SC,SANTANDER CONSUMER USA HOLDINGS IN
AJRD,AEROJET ROCKETDYNE HOLDINGS INC
AVYA,AVAYA HOLDINGS CORP
PCTY,PAYLOCITY HOLDING CORP
FLOW,SPX FLOW INC
MLHR,HERMAN MILLER INC
BECN,BEACON ROOFING SUPPLY INC
INDB,INDEPENDENT BANK CORP
CRC,CALIFORNIA RESOURCES CORP
HRTX,HERON THERAPEUTICS INC
LPNT,LIFEPOINT HEALTH INC
PENN,PENN NATIONAL GAMING INC
TPX,TEMPUR SEALY INTERNATIONAL INC
NBR,NABORS INDUSTRIES LTD
LBRDA,LIBERTY BROADBAND CORP SERIES A
WSBC,WESBANCO INC
TEN,TENNECO INC CLASS A
AKR,ACADIA REALTY TRUST REIT TRUST
KOS,KOSMOS ENERGY LTD
HALO,HALOZYME THERAPEUTICS INC
CRZO,CARRIZO OIL AND GAS INC
FRME,FIRST MERCHANTS CORP
ARNA,ARENA PHARMACEUTICALS INC
WDFC,WD-40
ITRI,ITRON INC
IRTC,IRHYTHM TECHNOLOGIES INC
DSW,DSW INC CLASS A
MDP,MEREDITH CORP
TRNO,TERRENO REALTY REIT CORP
CBM,CAMBREX CORP
SRCI,SRC ENERGY INC
THC,TENET HEALTHCARE CORP
MNRO,MONRO INC
TRMK,TRUSTMARK CORP
ABM,ABM INDUSTRIES INC
AEIS,ADVANCED ENERGY INDUSTRIES INC
AX,AXOS FINANCIAL INC
SATS,ECHOSTAR CORP CLASS A
WTS,WATTS WATER TECHNOLOGIES INC CLASS
HSC,HARSCO CORP
MYOK,MYOKARDIA INC
PLCE,CHILDRENS PLACE INC
KBH,KB HOME
QTWO,Q2 HOLDINGS INC
CWT,CALIFORNIA WATER SERVICE GROUP
AWR,AMERICAN STATES WATER
MORN,MORNINGSTAR INC
EYE,NATIONAL VISION HOLDINGS INC
QDEL,QUIDEL CORP
QTS,QTS REALTY REIT INC TRUST CLASS A
CPS,COOPER STANDARD HOLDINGS INC
BEAT,BIOTELEMETRY INC
HOPE,HOPE BANCORP INC
ELY,CALLAWAY GOLF
ESRT,EMPIRE STATE REALTY REIT INC TRUST
CNMD,CONMED CORP
SKT,TANGER FACTORY OUTLET CENTERS REIT
UFPI,UNIVERSAL FOREST PRODUCTS INC
DORM,DORMAN PRODUCTS INC
RGNX,REGENXBIO INC
PTCT,PTC THERAPEUTICS INC
GNW,GENWORTH FINANCIAL A INC
BRC,BRADY NONVOTING CORP CLASS A
SBGI,SINCLAIR BROADCAST GROUP INC CLASS
FELE,FRANKLIN ELECTRIC INC
RGEN,REPLIGEN CORP
XLRN,ACCELERON PHARMA INC
AERI,AERIE PHARMACEUTICALS INC
SFLY,SHUTTERFLY INC
HA,HAWAIIAN HOLDINGS INC
GKOS,GLAUKOS CORP
FNSR,FINISAR CORP
SBH,SALLY BEAUTY HOLDINGS INC
ROIC,RETAIL OPPORTUNITY INVESTMENTS REI
AXL,AMERICAN AXLE AND MANUFACTURING HO
SLGN,SILGAN HOLDINGS INC
TMHC,TAYLOR MORRISON HOME CORP CLASS A
BLD,TOPBUILD CORP
BANR,BANNER CORP
EBIX,EBIX INC
MSFUT,CASH COLLATERAL MSFUT USD
OIS,OIL STATES INTERNATIONAL INC
PLT,PLANTRONICS INC
GVA,GRANITE CONSTRUCTION INC
IRDM,IRIDIUM COMMUNICATIONS INC
NTGR,NETGEAR INC
DDR,DDR REIT CORP
ACAD,ACADIA PHARMACEUTICALS INC
EXLS,EXLSERVICE HOLDINGS INC
NWN,NORTHWEST NATURAL HOLDING COMPANY
NAV,NAVISTAR INTERNATIONAL CORP
FCB,FCB FINANCIAL HOLDINGS INC CLASS A
ABCB,AMERIS BANCORP
GPOR,GULFPORT ENERGY CORP
SAIA,SAIA INC
PBH,PRESTIGE CONSUMER HEALTHCARE INC
AXE,ANIXTER INTERNATIONAL INC
BBBY,BED BATH AND BEYOND INC
EAT,BRINKER INTERNATIONAL INC
KAMN,KAMAN CORP
DRQ,DRIL QUIP INC
PDCO,PATTERSON COMPANIES INC
ARGO,ARGO GROUP INTERNATIONAL HOLDINGS
STAA,STAAR SURGICAL
FWRD,FORWARD AIR CORP
LTXB,LEGACYTEXAS FINANCIAL GROUP INC
FOE,FERRO CORP
TVPT,TRAVELPORT WORLDWIDE LTD
FIX,COMFORT SYSTEMS USA INC
RNST,RENASANT CORP
TOWN,TOWNEBANK
SAFM,SANDERSON FARMS INC
TPH,TRI POINTE GROUP INC
SUM,SUMMIT MATERIALS INC CLASS A
FBP,FIRST BANCORP
CARS,CARS.COM INC
GBX,GREENBRIER INC
GTT,GTT COMMUNICATIONS INC
ENSG,ENSIGN GROUP INC
OTTR,OTTER TAIL CORP
CLNC,COLONY CREDIT REAL ESTATE INC
ORIG,OCEAN RIG UDW INC CLASS A
LCII,LCI INDUSTRIES
VRNS,VARONIS SYSTEMS INC
HNI,HNI CORP
INT,WORLD FUEL SERVICES CORP
MINI,MOBILE MINI INC
WOR,WORTHINGTON INDUSTRIES INC
WING,WINGSTOP INC
CVNA,CARVANA CLASS A
CADE,CADENCE BANCORPORATION CLASS A
PLXS,PLEXUS CORP
LAD,LITHIA MOTORS INC CLASS A
PCRX,PACIRA PHARMACEUTICALS INC
UBNT,UBIQUITI NETWORKS INC
SANM,SANMINA CORP
CHSP,CHESAPEAKE LODGING TRUST REIT TRUS
NTCT,NETSCOUT SYSTEMS INC
NXTM,NXSTAGE MEDICAL INC
YEXT,YEXT INC
CLI,MACK-CALI REALTY REIT CORP
GIII,G III APPAREL GROUP LTD
MB,MINDBODY INC CLASS A
TNDM,TANDEM DIABETES CARE INC
MAXR,MAXAR TECHNOLOGIES LTD
AMRX,AMNEAL PHARMACEUTICALS INC CLASS A
IOSP,INNOSPEC INC
SEM,SELECT MEDICAL HOLDINGS CORP
BID,SOTHEBYS
POWI,POWER INTEGRATIONS INC
BCOR,BLUCORA INC
KALU,KAISER ALUMINIUM CORP
ADSW,ADVANCED DISPOSAL SERVICES INC
MGLN,MAGELLAN HEALTH INC
GCP,GCP APPLIED TECHNOLOGIES INC
MIK,MICHAELS COMPANIES INC
IVR,INVESCO MORTGAGE CAPITAL REIT INC
DDD,3D SYSTEMS CORP
MATX,MATSON INC
ZGNX,ZOGENIX INC
EGHT,8X8 INC
CVA,COVANTA HOLDING CORP
IGT,INTERNATIONAL GAME TECHNOLOGY PLC
PSMT,PRICESMART INC
BL,BLACKLINE INC
THRM,GENTHERM INC
GBT,GLOBAL BLOOD THERAPEUTICS INC
XNCR,XENCOR INC
SEMG,SEMGROUP CORP CLASS A
PPBI,PACFIC PREMIER BANCORP INC
WERN,WERNER ENTERPRISES INC
BKD,BROOKDALE SENIOR LIVING INC
EVH,EVOLENT HEALTH INC CLASS A
LXP,LEXINGTON REALTY TRUST REIT TRUST
RRR,RED ROCK RESORTS ORS CLASS A INC
SCL,STEPAN
DNOW,NOW INC
PNK,PINNACLE ENTERTAINMENT INC
CUB,CUBIC CORP
BLMN,BLOOMIN BRANDS INC
WAGE,WAGEWORKS INC
ARCH,ARCH COAL INC CLASS A
ARWR,ARROWHEAD PHARMACEUTICALS INC
HTLF,HEARTLAND FINANCIAL USA INC
TREE,LENDINGTREE INC
SHEN,SHENANDOAH TELECOMMUNICATIONS
DOOR,MASONITE INTERNATIONAL CORP
TUP,TUPPERWARE BRANDS CORP
NSIT,INSIGHT ENTERPRISES INC
BGS,B AND G FOODS INC
ALRM,ALARM.COM HOLDINGS INC
BIG,BIG LOTS INC
SAIL,SAILPOINT TECHNOLOGIES HOLDINGS IN
GRPN,GROUPON INC
TRTN,TRITON INTERNATIONAL LTD
PRAA,PRA GROUP INC
ATU,ACTUANT CORP CLASS A
ANAB,ANAPTYSBIO INC
ESE,ESCO TECHNOLOGIES INC
MWA,MUELLER WATER PRODUCTS INC SERIES
SPPI,SPECTRUM PHARMACEUTICALS INC
BEL,BELMOND LTD CLASS A
SNHY,SUN HYDRAULICS CORP
MLI,MUELLER INDUSTRIES INC
MANT,MANTECH INTERNATIONAL CORP CLASS A
HMN,HORACE MANN EDUCATORS CORP
SFBS,SERVISFIRST BANCSHARES INC
SPSC,SPS COMMERCE INC
MNTA,MOMENTA PHARMACEUTICALS INC
FCPT,FOUR CORNERS PROPERTY INC TRUST
CLDR,CLOUDERA INC
MRC,MRC GLOBAL INC
WDR,WADDELL AND REED FINANCIAL INC CLA
EFII,ELECTRONICS FOR IMAGING INC
SHAK,SHAKE SHACK INC CLASS A
UVV,UNIVERSAL CORP
AROC,ARCHROCK INC
LTC,LTC PROPERTIES REIT INC
FN,FABRINET
JELD,JELD WEN HOLDING INC
NGHC,NATIONAL GENERAL HOLDINGS CORP
NWS,NEWS CORP CLASS B
ATRA,ATARA BIOTHERAPEUTICS INC
FCF,FIRST COMMONWEALTH FINANCIAL CORP
AIR,AAR CORP
UVE,UNIVERSAL INSURANCE HOLDINGS INC
ONCE,SPARK THERAPEUTICS INC
PAG,PENSKE AUTOMOTIVE GROUP VOTING INC
EGBN,EAGLE BANCORP INC
ADC,AGREE REALTY REIT CORP
AFSI,AMTRUST FINANCIAL SERVICES INC
SYNA,SYNAPTICS INC
NE,NOBLE PLC
PEGI,PATTERN ENERGY GROUP INC CLASS A
FIBK,FIRST INTERSTATE BANCSYSTEM INC CL
SONC,SONIC CORP
BJRI,BJS RESTAURANTS INC
WD,WALKER & DUNLOP INC
RAVN,RAVEN INDUSTRIES INC
ODP,OFFICE DEPOT INC
PTLA,PORTOLA PHARMACEUTICALS INC
SLCA,US SILICA HOLDINGS INC
SEAS,SEAWORLD ENTERTAINMENT INC
MTH,MERITAGE CORP
BHLB,BERKSHIRE HILLS BANCORP INC
VRTU,VIRTUSA CORP
BLDR,BUILDERS FIRSTSOURCE INC
AYX,ALTERYX INC CLASS A
SRG,SERITAGE GROWTH PROPERTIES CLA
MTOR,MERITOR INC
CVGW,CALAVO GROWERS INC
GHDX,GENOMIC HEALTH INC
SPN,SUPERIOR ENERGY SERVICES INC
SGMO,SANGAMO THERAPEUTICS INC
PRGS,PROGRESS SOFTWARE CORP
AAWW,ATLAS AIR WORLDWIDE HOLDINGS INC
PFS,PROVIDENT FINANCIAL SERVICES INC
HUBG,HUB GROUP INC CLASS A
HTH,HILLTOP HOLDINGS INC
LPSN,LIVEPERSON INC
NWBI,NORTHWEST BANCSHARES INC
WABC,WESTAMERICA BANCORPORATION
CFFN,CAPITOL FEDERAL FINANCIAL INC
NBTB,NBT BANCORP INC
SPXC,SPX CORP
UNFI,UNITED NATURAL FOODS INC
HLI,HOULIHAN LOKEY INC CLASS A
NVRO,NEVRO CORP
STBA,S AND T BANCORP INC
APAM,ARTISAN PARTNERS ASSET MANAGEMENT
IPHI,INPHI CORP
OXM,OXFORD INDUSTRIES INC
I,INTELSAT SA
FSS,FEDERAL SIGNAL CORP
MATW,MATTHEWS INTERNATIONAL CORP CLASS
KN,KNOWLES CORP
NP,NEENAH INC
EIG,EMPLOYERS HOLDINGS INC
LZB,LA-Z-BOY INC
AKS,AK STEEL HOLDING CORP
MSGN,MSG NETWORKS INC CLASS A
AAT,AMERICAN ASSETS TRUST REIT INC TRU
HDP,HORTONWORKS INC
IMPV,IMPERVA INC
TSRO,TESARO INC
HF,HFF INC CLASS A
MDGL,MADRIGAL PHARMACEUTICALS INC
GME,GAMESTOP CORP CLASS A
EVBG,EVERBRIDGE INC
CENTA,CENTRAL GARDEN AND PET CLASS A
ECOL,US ECOLOGY INC
MCRN,MILACRON HOLDINGS CORP
OCLR,OCLARO INC
SASR,SANDY SPRING BANCORP INC
UNT,UNIT CORP
ALGT,ALLEGIANT TRAVEL
GTN,GRAY TELEVISION INC
CWEN US,CLEARWAY ENERGY INC CLASS C
NMIH,NMI HOLDINGS INC CLASS A
EDIT,EDITAS MEDICINE INC
CBPX,CONTINENTAL BUILDING PRODUCTS INC
BMI,BADGER METER INC
CORE,CORE MARK HOLDING INC
EVTC,EVERTEC INC
TTMI,TTM TECHNOLOGIES INC
CTRE,CARETRUST REIT INC
MDC,MDC HOLDINGS INC
HL,HECLA MINING
FIZZ,NATIONAL BEVERAGE CORP
ABG,ASBURY AUTOMOTIVE GROUP INC.
SIR,SELECT INCOME REIT
CPK,CHESAPEAKE UTILITIES CORP
NPO,ENPRO INDUSTRIES INC
IMAX,IMAX CORP
PRK,PARK NATIONAL CORP
WSFS,WSFS FINANCIAL CORP
SCS,STEELCASE INC CLASS A
WHD,CACTUS INC CLASS A
KTOS,KRATOS DEFENSE AND SECURITY SOLUTI
SYNT,SYNTEL INC
ALEX,ALEXANDER & BALDWIN INC
CJ,C J ENERGY SVCS INC
HOME,AT HOME GROUP INC
KRA,KRATON CORP
TIVO,TIVO CORP
CALM,CAL MAINE FOODS INC
DIOD,DIODES INC
ROCK,GIBRALTAR INDUSTRIES INC
WIFI,BOINGO WIRELESS INC
CAL,CALERES INC
BRKL,BROOKLINE BANCORP INC
TBPH,THERAVANCE BIOPHARMA INC
AAON,AAON INC
ALTR,ALTAIR ENGINEERING INC CLASS A
AQUA,EVOQUA WATER TECHNOLOGIES CORP
PBYI,PUMA BIOTECHNOLOGY INC
OSIS,OSI SYSTEMS INC
RETA,REATA PHARMACEUTICALS INC CLASS A
CTB,COOPER TIRE AND RUBBER
ANF,ABERCROMBIE AND FITCH CLASS A
GNL,GLOBAL NET LEASE INC
MNR,MONMOUTH REAL ESTATE INVESTMENT RE
HLX,HELIX ENERGY SOLUTIONS GROUP INC
USNA,USANA HEALTH SCIENCES INC
CLVS,CLOVIS ONCOLOGY INC
ICFI,ICF INTERNATIONAL INC
VGR,VECTOR GROUP LTD
LGFA,LIONS GATE ENTERTAINMENT VOTING CO
CATM,CARDTRONICS PLC CLASS A
MEDP,MEDPACE HOLDINGS INC
RUN,SUNRUN INC
XOG,EXTRACTION OIL GAS INC
SGMS,SCIENTIFIC GAMES CORP
MCY,MERCURY GENERAL CORP
INN,SUMMIT HOTEL PROPERTIES REIT INC
COLD,AMERICOLD REALTY TRUST
CROX,CROCS INC
RPD,RAPID7 INC
TRHC,TABULA RASA HEALTHCARE INC
PBI,PITNEY BOWES INC
NAVG,NAVIGATORS GROUP INC
TNC,TENNANT
AYR,AIRCASTLE LTD
DIN,DINE BRANDS GLOBAL INC
RWT,REDWOOD TRUST REIT INC TRUST
PUMP,PROPETRO HOLDING CORP
RDFN,REDFIN CORP
ATSG,AIR TRANSPORT SERVICES GROUP INC
BCC,BOISE CASCADE
CNNE,CANNAE HOLDINGS INC
GEF,GREIF INC CLASS A
AIMC,ALTRA INDUSTRIAL MOTION CORP
GTX,GARRETT MOTION INC
DO,DIAMOND OFFSHORE DRILLING INC
KRG,KITE REALTY GROUP TRUST REIT TRUST
KRNY,KEARNY FINANCIAL TEST CORP
LAUR,LAUREATE EDUCATION INC CLASS A
XON,INTREXON CORP
NSA,NATIONAL STORAGE AFFILIATES TRUST
USPH,US PHYSICAL THERAPY INC
LPI,LAREDO PETROLEUM INC
SAFT,SAFETY INSURANCE GROUP INC
TRS,TRIMAS CORP
FG,FGL
ATRC,ATRICURE INC
PLUS,EPLUS
PMT,PENNYMAC MORTGAGE INVESTMENT TRUST
HCC,WARRIOR MET COAL INC
AZZ,AZZ INC
BUSE,FIRST BUSEY CORP
SXI,STANDEX INTERNATIONAL CORP
AMBA,AMBARELLA INC
PATK,PATRICK INDUSTRIES INC
WMS,ADVANCED DRAINAGE SYSTEMS INC
GPI,GROUP AUTOMOTIVE INC
MGRC,MCGRATH RENT
MSTR,MICROSTRATEGY INC CLASS A
CSGS,CSG SYSTEMS INTERNATIONAL INC
BHE,BENCHMARK ELECTRONICS INC
LC,LENDINGCLUB CORP
TVTY,TIVITY HEALTH INC
NNI,NELNET INC CLASS A
RUSHA,RUSH ENTERPRISES INC CLASS A
TRUE,TRUECAR INC
FBNC,FIRST BANCORP
HFWA,HERITAGE FINANCIAL CORP
TILE,INTERFACE INC
KNSL,KINSALE CAPITAL GROUP INC
IBTX,INDEPENDENT BANK GROUP INC
CORT,CORCEPT THERAPEUTICS INC
MEI,METHODE ELECTRONICS INC
DPLO,DIPLOMAT PHARMACY INC
WPG,WASHINGTON PRIME GROUP INC
CBZ,CBIZ INC
NTRI,NUTRISYSTEM INC
SCHL,SCHOLASTIC CORP
LADR,LADDER CAPITAL CORP CLASS A
BHVN,BIOHAVEN PHARMACEUTICAL HOLDING CO
APTI,APPTIO INC CLASS A
IMGN,IMMUNOGEN INC
BABY,NATUS MEDICAL INC
TCMD,TACTILE SYSTEMS TECHNOLOGY INC
TXMD,THERAPEUTICSMD INC
CEIX,CONSOL ENERGY INC
INSM,INSMED INC
OCFC,OCEANFIRST FINANCIAL CORP
BMCH,BMC STOCK HOLDINGS INC
BPFH,BOSTON PRIVATE FINANCIAL HOLDINGS
ACCO,ACCO BRANDS CORP
MXL,MAXLINEAR INC
DOCU,DOCUSIGN INC
LNN,LINDSAY CORP
HEES,H AND E EQUIPMENT SERVICES INC
ENTA,ENANTA PHARMACEUTICALS INC
EFSC,ENTERPRISE FINANCIAL SERVICES CORP
RGR,STURM RUGER INC
HRI,HERC HOLDINGS INC
ASTE,ASTEC INDUSTRIES INC
RAD,RITE AID CORP
SFL,SHIP FINANCE INTERNATIONAL LTD
STBZ,STATE BANK FINANCIAL CORP
EAF,GRAFTECH INTERNATIONAL LTD
DEA,EASTERLY GOVERNMENT PROPERTIES INC
WNC,WABASH NATIONAL CORP
PVAC,PENN VA CORP
SMPL,THE SIMPLY GOOD FOODS COMPANY
SNBR,SLEEP NUMBER CORP
GES,GUESS INC
FND,FLOOR DECOR HOLDINGS INC CLASS A
JRVR,JAMES RIVER GROUP HOLDINGS LTD
KAI,KADANT INC
QUOT,QUOTIENT TECHNOLOGY INC
BJ,BJAS WHOLESALE CLUB HOLDINGS INC
HASI,HANNON ARMSTRONG SUSTAINABLE INFRA
PGTI,PGT INNOVATIONS INC
APPF,APPFOLIO INC CLASS A
AXGN,AXOGEN INC
VRS,VERSO CORP CLASS A
INVA,INNOVIVA INC
FDP,FRESH DEL MONTE PRODUCE INC
SBSI,SOUTHSIDE BANCSHARES INC
CNA,CNA FINANCIAL CORP
KEM,KEMET CORP
SVU,SUPERVALU INC
MTRN,MATERION CORP
SBCF,SEACOAST BANKING OF FLORIDA
ECYT,ENDOCYTE INC
AMWD,AMERICAN WOODMARK CORP
ACIA,ACACIA COMMUNICATIONS INC
AIMT,AIMMUNE THERAPEUTICS INC
MGPI,MGP INGREDIENTS INC
SJW,SJW GROUP
BOLD,AUDENTES THERAPEUTICS INC
MTSC,MTS SYSTEMS CORP
ARCB,ARCBEST CORP
CARB,CARBONITE INC
KTWO,K2M GROUP HOLDINGS INC
NCI,NAVIGANT CONSULTING INC
SYKE,SYKES ENTERPRISES INC
TIER,TIER REAL ESTATE INVESTMENT TRUST
TGI,TRIUMPH GROUP INC
RMBS,RAMBUS INC
REGI,RENEWABLE ENERGY INC
CSII,CARDIOVASCULAR SYSTEMS INC
TROX,TRONOX LTD CLASS A
APOG,APOGEE ENTERPRISES INC
TWNK,HOSTESS BRANDS INC CLASS A
GCI,GANNETT INC
LMNX,LUMINEX CORP
VVI,VIAD CORP
HURN,HURON CONSULTING GROUP INC
FIT,FITBIT INC CLASS A
OPK,OPKO HEALTH INC
WEB,WEB.COM GROUP INC
BNCL,BENEFICIAL BANCORP INC
ESPR,ESPERION THERAPEUTICS INC
GTHX,G1 THERAPEUTICS INC
INST,INSTRUCTURE INC
TLRD,TAILORED BRANDS INC
AMSF,AMERISAFE INC
PJC,PIPER JAFFRAY
PRIM,PRIMORIS SERVICES CORP
TMP,TOMPKINS FINANCIAL CORP
SWM,SCHWEITZER MAUDUIT INTERNATIONAL I
STC,STEWART INFO SERVICES CORP
FSCT,FORESCOUT TECHNOLOGIES INC
SNDR,SCHNEIDER NATIONAL INC CLASS B
FORM,FORMFACTOR INC
AMC,AMC ENTERTAINMENT HOLDINGS INC CLA
CERS,CERUS CORP
VNDA,VANDA PHARMACEUTICALS INC
BANF,BANCFIRST CORP
LKFN,LAKELAND FINANCIAL CORP
ENVA,ENOVA INTERNATIONAL INC
CTS,CTS CORP
TCBK,TRICO BANCSHARES
VREX,VAREX IMAGING CORP
CWST,CASELLA WASTE SYSTEMS INC CLASS A
CRY,CRYOLIFE INC
CHCO,CITY HOLDING
SRDX,SURMODICS INC
VSTO,VISTA OUTDOOR INC
CDAY,CERIDIAN HCM HOLDING INC
COHU,COHU INC
ISCA,INTERNATIONAL SPEEDWAY CORP CLASS
SSYS,STRATASYS LTD
PPC,PILGRIMS PRIDE CORP
KNL,KNOLL INC
LBRT,LIBERTY OILFIELD SERVICES INC CLAS
PZZA,PAPA JOHNS INTERNATIONAL INC
VCRA,VOCERA COMMUNICATIONS INC
NBHC,NATIONAL BANK HOLDINGS CORP CLASS
CLDT,CHATHAM LODGING TRUST REIT TRUST
ASIX,ADVANSIX INC
FARO,FARO TECHNOLOGIES INC
SEND,SENDGRID INC
DNLI,DENALI THERAPEUTICS INC
LTRPA,LIBERTY TRIPADVISOR HOLDINGS INC S
HTZ,HERTZ GLOBAL HOLDINGS INC
KMG,KMG CHEMICALS INC
UIS,UNISYS CORP
CHS,CHICOS FAS INC
OFIX,ORTHOFIX MEDICAL INC
TBK,TRIUMPH BANCORP INC
RYAM,RAYONIER ADVANCED MATERIALS INC
CDE,COEUR MINING INC
DDS,DILLARDS INC CLASS A
MBI,MBIA INC
ALDR,ALDER BIOPHARMACEUTICALS INC
IRT,INDEPENDENCE REALTY INC TRUST
NEO,NEOGENOMICS INC
RUTH,RUTHS HOSPITALITY GROUP INC
IPAR,INTER PARFUMS INC
OMI,OWENS & MINOR INC
CISN,CISION LTD
CMCO,COLUMBUS MCKINNON CORP
ANDE,ANDERSONS INC
RPT,RAMCO-GERSHENSON PROPERTIES TRUST
SCSC,SCANSOURCE INC
ADTN,ADTRAN INC
KFRC,KFORCE INC
PRO,PROS HOLDINGS INC
RTRX,RETROPHIN INC
TERP,TERRAFORM POWER INC CLASS A
LILA,LIBERTY LATIN AMERICA LTD CLASS A
CNS,COHEN & STEERS INC
OSUR,ORASURE TECHNOLOGIES INC
NXGN,NEXTGEN HEALTHCARE INC
TBI,TRUEBLUE INC
WK,WORKIVA INC CLASS A
WGO,WINNEBAGO INDUSTRIES INC
WIRE,ENCORE WIRE CORP
NVTA,INVITAE CORP
MBUU,MALIBU BOATS CLASS A INC
ITCI,INTRA CELLULAR THERAPIES INC
SSTK,SHUTTERSTOCK INC
CTWS,CONNECTICUT WATER SERVICE INC
TRXC,TRANSENTERIX INC
ETM,ENTERCOM COMMUNICATIONS CORP CLASS
GOLF,ACUSHNET HOLDINGS CORP
GTY,GETTY REALTY REIT CORP
LSCC,LATTICE SEMICONDUCTOR CORP
ARR,ARMOUR RESIDENTIAL REIT INC
SMP,STANDARD MOTOR PRODUCTS INC
TPRE,THIRD POINT REINSURANCE LTD
ADT,ADT INC
FET,FORUM ENERGY TECHNOLOGIES INC
RCM,R1 RCM INC
RES,RPC INC
BNFT,BENEFITFOCUS INC
DENN,DENNYS CORP
SEB,SEABOARD CORP
TYPE,MONOTYPE IMAGING HOLDINGS INC
BSIG,BRIGHTSPHERE INVESTMENT GROUP
AEGN,AEGION CORP CLASS A
CECO,CAREER EDUCATION CORP
INFN,INFINERA CORP
UBNK,UNITED FINANCIAL BANCORP INC
NEWM,NEW MEDIA INVESTMENT GROUP INC
PLOW,DOUGLAS DYNAMICS INC
XENT,INTERSECT ENT INC
ATRI,ATRION CORP
UHT,UNIVERSAL HEALTH REALTY INCOME TRU
FBC,FLAGSTAR BANCORP INC
NR,NEWPARK RESOURCES INC
IPHS,INNOPHOS HOLDINGS INC
FOCS,FOCUS FINANCIAL PARTNERS INC CLASS
LGIH,LGI HOMES INC
HUD,HUDSON LTD CLASS A
BCRX,BIOCRYST PHARMACEUTICALS INC
CTRL,CONTROL4 CORP
IBP,INSTALLED BUILDING PRODUCTS INC
NVAX,NOVAVAX INC
BATRK,LIBERTY MEDIA LIBERTY BRAVES CORP
NYMT,NEW YORK MORTGAGE TRUST REIT INC T
PFBC,PREFERRED BANK
BGG,BRIGGS AND STRATTON CORP
BANC,BANC OF CALIFORNIA INC
EXTN,EXTERRAN CORP
EGOV,NIC INC
NVEE,NV5 GLOBAL INC
PJT,PJT PARTNERS INC CLASS A
ANAT,AMERICAN NATIONAL INSURANCE
FWONA,LIBERTY MEDIA FORMULA ONE CORP SER
WETF,WISDOMTREE INVESTMENTS INC
ECPG,ENCORE CAPITAL GROUP INC
HTLD,HEARTLAND EXPRESS INC
CDXS,CODEXIS INC
GCO,GENESCO INC
NTLA,INTELLIA THERAPEUTICS INC
XOXO,XO GROUP INC
WTI,W AND T OFFSHORE INC
GPMT,GRANITE POINT MORTGAGE TRUST INC T
MTW,MANITOWOC INC
GTES,GATES INDUSTRIAL PLC
ATKR,ATKORE INTERNATIONAL GROUP INC
MRTX,MIRATI THERAPEUTICS INC
UFCS,UNITED FIRE GROUP INC
PAHC,PHIBRO ANIMAL HEALTH CORP CLASS A
RVNC,REVANCE THERAPEUTICS INC
THR,THERMON GROUP HOLDINGS INC
MYE,MYERS INDUSTRIES INC
TELL,TELLURIAN INC
ALG,ALAMO GROUP INC
BMTC,BRYN MAWR BANK CORP
FRPT,FRESHPET INC
GABC,GERMAN AMERICAN BANCORP INC
EBSB,MERIDIAN BANCORP INC
CDNA,CAREDX INC
FTR,FRONTIER COMMUNICATIONS CORP
CPLG,COREPOINT LODGING INC
CASH,META FINANCIAL GROUP INC
TAHO,TAHOE RESOURCES INC
ATNI,ATN INTERNATIONAL INC
AOBC,AMERICAN OUTDOOR BRANDS CORP
EGRX,EAGLE PHARMACEUTICALS INC
FOSL,FOSSIL GROUP INC
NOG,NORTHERN OIL AND GAS INC
FSP,FRANKLIN STREET PROPERTIES REIT CO
ANGO,ANGIODYNAMICS INC
SP,SP PLUS CORP
REN,RESOLUTE ENERGY CORP
GLOG,GASLOG LTD
ATRO,ASTRONICS CORP
PRTY,PARTY CITY HOLDCO INC
SYBT,STOCK YARDS BANCORP INC
HT,HERSHA HOSPITALITY REIT TRUST CLAS
CNSL,CONSOLIDATED COMMUNICATIONS HOLDIN
AMKR,AMKOR TECHNOLOGY INC
CLBK,COLUMBIA FINANCIAL INC
AVX,AVX CORP
JAG,JAGGED PEAK ENERGY INC
NANO,NANOMETRICS INC
LABL,MULTI COLOR CORP
OMER,OMEROS CORP
PRFT,PERFICIENT INC
ACOR,ACORDA THERAPEUTICS INC
HIFR,INFRAREIT INC
NRE,NORTHSTAR REALTY EUROPE CORP
CARA,CARA THERAPEUTICS INC
MTSI,MACOM TECHNOLOGY SOLUTIONS INC
CIR,CIRCOR INTERNATIONAL INC
ALX,ALEXANDERS REIT INC
SRCE,1ST SOURCE CORP
HSTM,HEALTHSTREAM INC
HSKA,HESKA CORP
PRSC,PROVIDENCE SERVICE CORP
EXPR,EXPRESS INC
GPRO,GOPRO INC CLASS A
ORBC,ORBCOMM INC
CHRS,COHERUS BIOSCIENCES INC
CHEF,CHEFS WAREHOUSE INC
CRAY,CRAY INC
VRTS,VIRTUS INVESTMENT PARTNERS INC
IOVA,IOVANCE BIOTHERAPEUTICS INC
GLUU,GLU MOBILE INC
LBAI,LAKELAND BANCORP INC
NCOM,NATIONAL COMMERCE CORP
CONN,CONNS INC
SXC,SUNCOKE ENERGY INC
MCS,THE MARCUS CORP
GLT,GLATFELTER
HBNC,HORIZON BNCP IND
CWK,CUSHMAN AND WAKEFIELD PLC
RCII,RENT-A-CENTER INC
AMPH,AMPHASTAR PHARMACEUTICALS INC
ITG,INVESTMENT TECHNOLOGY GROUP INC
TDW,TIDEWATER INC
VICR,VICOR CORP
ECHO,ECHO GLOBAL LOGISTICS INC
MSBI,MIDLAND STATES BANCORP INC
NHC,NATIONAL HEALTHCARE CORP
RTEC,RUDOLPH TECHNOLOGIES INC
UBA,URSTADT BIDDLE PROPERTIES REIT INC
CSWI,CSW INDUSTRIALS INC
RMAX,RE MAX HOLDINGS INC CLASS A
SRI,STONERIDGE INC
USCR,US CONCRETE INC
WASH,WASHINGTON TRUST BANCORP INC TRUST
COKE,COCA COLA BOTTLING
BOOT,BOOT BARN HOLDINGS INC
MRTN,MARTEN TRANSPORT LTD
QADA,QAD INC CLASS A
NTRA,NATERA INC
NWLI,NATIONAL WESTERN LIFE GROUP INC CL
CCF,CHASE CORP
TRST,TRUSTCO BANK CORP
CPF,CENTRAL PACIFIC FINANCIAL CORP
MMI,MARCUS & MILLICHAP INC
DVAX,DYNAVAX TECHNOLOGIES CORP
BRSS,GLOBAL BRASS AND COPPER HOLDINGS I
XPER,XPERI CORP
PS,PLURALSIGHT INC CLASS A
TRUP,TRUPANION INC
UVSP,UNIVEST CORPORATION OF PENNSYLVANI
VIRT,VIRTU FINANCIAL INC CLASS A
AMBC,AMBAC FINANCIAL GROUP INC
BMRC,BANK OF MARIN BANCORP
CASS,CASS INFORMATION SYSTEMS INC
WVE,WAVE LIFE SCIENCES LTD
GBNK,GUARANTY BANCORP
HAFC,HANMI FINANCIAL CORP
CKH,SEACOR HOLDINGS INC
TPC,TUTOR PERINI CORP
FRGI,FIESTA RESTAURANT GROUP INC
IRET,INVESTORS REAL ESTATE TRUST REIT T
CTMX,CYTOMX THERAPEUTICS INC
CBB,CINCINNATI BELL INC
CUBI,CUSTOMERS BANCORP INC
MCFT,MCBC HOLDINGS INC
MGNX,MACROGENICS INC
CMO,CAPSTEAD MORTGAGE REIT CORP
HMHC,HOUGHTON MIFFLIN HARCOURT
CCS,CENTURY COMMUNITIES INC
FFG,FBL FINANCIAL GROUP INC CLASS A
AGM,FEDERAL AGRICULTURAL MORTGAGE CORP
AMAG,AMAG PHARMACEUTICALS INC
CAMP,CALAMP CORP
KPTI,KARYOPHARM THERAPEUTICS INC
RDUS,RADIUS HEALTH INC
DF,DEAN FOODS
GMS,GMS INC
OFG,OFG BANCORP
NCMI,NATIONAL CINEMEDIA INC
NCS,NCI BUILDING SYSTEMS INC
HMST,HOMESTREET INC
MOD,MODINE MANUFACTURING
STAR,ISTAR REIT INC
MSEX,MIDDLESEX WATER
MHO,M I HOMES INC
DFIN,DONNELLEY FINANCIAL SOLUTIONS INC
CHCT,COMMUNITY HEALTHCARE TRUST INC TRU
FFIC,FLUSHING FINANCIAL CORP
LNTH,LANTHEUS HOLDINGS INC
CMTL,COMTECH TELECOMMUNICATIONS CORP
FFWM,FIRST FOUNDATION INC
AGS,PLAYAGS INC
SCHN,SCHNITZER STEEL INDUSTRIES INC CLA
SPTN,SPARTANNASH
VKTX,VIKING THERAPEUTICS INC
CRVL,CORVEL CORP
DRNA,DICERNA PHARMACEUTICALS INC
LMAT,LEMAITRE VASCULAR INC
LDL,LYDALL INC
BFS,SAUL CENTERS REIT INC
ASMB,ASSEMBLY BIOSCIENCES INC
CTBI,COMMUNITY TRUST BANCORP INC TRUST
CBL,CBL AND ASSOCIATES PROPERTIES REIT
ATNX,ATHENEX INC
FATE,FATE THERAPEUTICS INC
UTL,UNITIL CORP
CBTX,CBTX INC
CARO,CAROLINA FINANCIAL CORP
ORIT,ORITANI FINANCIAL CORP
MOV,MOVADO GROUP INC
SSP,EW SCRIPPS CLASS A
GOV,GOVERNMENT PROPERTIES INCOME TRUST
QUAD,QUAD GRAPHICS INC CLASS A
ANIK,ANIKA THERAPEUTICS INC
GRC,GORMAN-RUPP
APTS,PREFERRED APARTMENT COMMUNITIES RE
TALO,TALOS ENERGY INC
INSW,INTERNATIONAL SEAWAYS INC
WRD,WILDHORSE RESOURCE DEVELOPMENT COR
ADUS,ADDUS HOMECARE CORP
FBK,FB FINANCIAL CORP
INTL,INTL FCSTONE INC
KLXE,KLX ENERGY SERVICES HOLDINGS INC
APLS,APELLIS PHARMACEUTICALS INC
BHBK,BLUE HILLS BANCORP INC
EXTR,EXTREME NETWORKS INC
ASNA,ASCENA RETAIL GROUP INC
MDXG,MIMEDX GROUP INC
MCRI,MONARCH CASINO AND RESORT INC
PEI,PENNSYLVANIA REAL ESTATE INVESTMEN
TFSL,TFS FINANCIAL CORP
GPRE,GREEN PLAINS INC
CBAY,CYMABAY THERAPEUTICS INC
FRAC,KEANE GROUP INC
PRMW,PRIMO WATER CORP
KOP,KOPPERS HOLDINGS INC
CVI,CVR ENERGY INC
CEVA,CEVA INC
OBNK,ORIGIN BANCORP INC
RILY,B RILEY FINANCIAL INC
BCEI,BONANZA CREEK ENERGY INC
INO,INOVIO PHARMACEUTICALS INC
CWENA,NRG YIELD INC CLASS A
AGX,ARGAN INC
HIIQ,HEALTH INSURANCE INNOVATIONS INC C
NX,QUANEX BUILDING PRODUCTS CORP
TR,TOOTSIE ROLL INDUSTRIES INC
CNOB,CONNECTONE BANCORP INC
SOI,SOLARIS OILFIELD INFRASTRUCTURE IN
TAST,CARROLS RESTAURANT GROUP INC
AHH,ARMADA HOFFLER PROPERTIES REIT INC
CAC,CAMDEN NATIONAL CORP
KELYA,KELLY SERVICES INC CLASS A
MBWM,MERCANTILE BANK CORP
TSC,TRISTATE CAPITAL HOLDINGS INC
TBBK,BANCORP INC
CWH,CAMPING WORLD HOLDINGS INC CLASS A
HTBI,HOMETRUST BANCSHARES INC
LRN,K12 INC
PETS,PETMED EXPRESS INC
WSC,WILLSCOT CORP
MTRX,MATRIX SERVICE
RGS,REGIS CORP
HY,HYSTER YALE MATERIALS HANDLING INC
CENX,CENTURY ALUMINUM
USM,UNITED STATES CELLULAR CORP
HZO,MARINEMAX INC
NXRT,NEXPOINT RESIDENTIAL TRUST INC TRU
UMH,UMH PROPERTIES REIT INC
RESI,FRONT YARD RESIDENTIAL CORP
HLNE,HAMILTON LANE INC CLASS A
PARR,PAR PACIFIC HOLDINGS INC
INOV,INOVALON HOLDINGS INC CLASS A
HTBK,HERITAGE COMMERCE CORP
LOB,LIVE OAK BANCSHARES INC
TISI,TEAM INC
TMST,TIMKENSTEEL CORP
CRMT,AMERICAS CAR-MART INC
HPR,HIGHPOINT RESOURCES CORP
VIVO,MERIDIAN BIOSCIENCE INC
RMR,RMR GROUP INC CLASS A
SKY,SKYLINE CHAMPION CORP
IIIN,INSTEEL INDUSTRIES INC
TOWR,TOWER INTERNATIONAL INC
NFBK,NORTHFIELD BANCORP INC
PUB,PEOPLES UTAH
WAIR,WESCO AIRCRAFT HOLDINGS INC
LORL,LORAL SPACE AND COMMUNICATIONS INC
PGC,PEAPACK GLADSTONE FINANCIAL CORP
PSDO,PRESIDIO INC
HK,HALCON RESOURCES CORP
BLX,BANCO LATINOAMERICANO DE COMERCIO
EPZM,EPIZYME INC
FCBC,FIRST COMMUNITY BANCSHARES INC
FDEF,FIRST DEFIANCE FINANCIAL CORP
NPK,NATIONAL PRESTO INDUSTRIES INC
BKE,BUCKLE INC
LENB,LENNAR CORP CLASS B
BIOS,BIOSCRIP INC
EHTH,EHEALTH INC
LION,FIDELITY SOUTHERN CORP
WRLD,WORLD ACCEPTANCE CORP
ABTX,ALLEGIANCE BANCSHARES INC
APEI,AMERICAN PUBLIC EDUCATION INC
CORR,CORENERGY INFRASTRUCTURE TRUST REI
EQBK,EQUITY BANCSHARES INC CLASS A
EVRI,EVERI HOLDINGS INC
FLIC,FIRST OF LONG ISLAND CORP
TRTX,TPG RE FINANCE TRUST INC TRUST
UEIC,UNIVERSAL ELECTRONICS INC
ATRS,ANTARES PHARMA INC
BDGE,BRIDGE BANCORP INC
GSBC,GREAT SOUTHERN BANCORP INC
PLAB,PHOTRONICS INC
IMKTA,INGLES MARKETS INC CLASS A
HSII,HEIDRICK AND STRUGGLES INTERNATION
LLNW,LIMELIGHT NETWORKS INC
STNG,SCORPIO TANKERS INC
BOOM,DMC GLOBAL INC
WSBF,WATERSTONE FINANCIAL INC
RIGL,RIGEL PHARMACEUTICALS INC
JOE,ST JOE
FI,FRANK S INTERNATIONAL NV
THFF,FIRST FINANCIAL CORPORATION INDIAN
WLH,WILLIAM LYON HOMES CLASS A
RRGB,RED ROBIN GOURMET BURGERS INC
EGL,ENGILITY HOLDINGS INC
TK,TEEKAY CORP
FLXN,FLEXION THERAPEUTICS INC
HLIT,HARMONIC INC
PQG,PQ GROUP HOLDINGS INC
PLUG,PLUG POWER INC
ZS,ZSCALER INC
ZUMZ,ZUMIEZ INC
REVG,REV GROUP INC
SAH,SONIC AUTOMOTIVE INC CLASS A
VCEL,VERICEL CORP
DXPE,DXP ENTERPRISES INC
ACLS,AXCELIS TECHNOLOGIES INC
DCOM,DIME COMMUNITY BANCSHARES INC
IRMD,IRADIMED CORP
KEYW,KEYW HOLDING CORP
AKRX,AKORN INC
EPRT,ESSENTIAL PROPERTIES REALTY TRUST
FMBH,FIRST MID ILLINOIS BANCSHARES INC
GNBC,GREEN BANCORP INC
JOUT,JOHNSON OUTDOORS INC CLASS A
OSPN,ONESPAN INC
JBSS,JOHN B SANFILIPPO AND SON INC
CLW,CLEARWATER PAPER CORP
PRTA,PROTHENA PLC
BBX,BBX CAPITAL CORP CLASS A
KBAL,KIMBALL INTERNATIONAL INC CLASS B
DHT,DHT HOLDINGS INC
IBCP,INDEPENDENT BANK CORP
NIHD,NII HOLDINGS INC
OLBK,OLD LINE BANCSHARES INC
SMTA,SPIRIT MTA REIT
ORC,ORCHID ISLAND CAPITAL INC
SCVL,SHOE CARNIVAL INC
GDEN,GOLDEN ENTERTAINMENT INC
OOMA,OOMA INC
SALT,SCORPIO BULKERS INC
AVD,AMER VANGUARD CORP
CRAI,CRA INTERNATIONAL INC
MLAB,MESA LABORATORIES INC
OPB,OPUS BANK
VBTX,VERITEX HOLDINGS INC
TTI,TETRA TECHNOLOGIES INC
TCX,TUCOWS INC
JCP,JC PENNEY INC
GLYC,GLYCOMIMETICS INC
HCI,HCI GROUP INC
PGNX,PROGENICS PHARMACEUTICALS INC
TPIC,TPI COMPOSITES INC
TENB,TENABLE HOLDINGS INC
VRTV,VERITIV CORP
PYX,PYXUS INTERNATIONAL INC
FSB,FRANKLIN FINANCIAL NETWORK INC
RVI,RETAIL VALUE INC
TG,TREDEGAR CORP
FRO,FRONTLINE LTD
EBF,ENNIS INC
WSR,WHITESTONE REIT
OXFD,OXFORD IMMUNOTEC GLOBAL PLC
ETH,ETHAN ALLEN INC
AMEH,APOLLO MEDICAL HOLDINGS INC
CUTR,CUTERA INC
EZPW,EZCORP NON VOTING INC CLASS A
MPAA,MOTORCAR PARTS OF AMERICA INC
SNR,NEW SENIOR INVESTMENT GROUP INC
AKCA,AKCEA THERAPEUTICS INC
CATO,CATO CORP CLASS A
TACO,DEL TACO RESTAURANTS INC
DERM,DERMIRA INC
HCKT,HACKETT GROUP INC
ILPT,INDUSTRIAL LOGISTICS PROPERTIES TR
LQDA,LIQUIDIA TECHNOLOGIES INC
SPAR,SPARTAN MOTORS INC
AAOI,APPLIED OPTOELECTRONICS INC
SLDB,SOLID BIOSCIENCES INC
ESIO,ELECTRO SCIENTIFIC INDUSTRIES INC
EIGI,ENDURANCE INTERNATIONAL GROUP HOLD
GOOD,GLADSTONE COMMERCIAL REIT CORP
LMNR,LIMONEIRA
MOFG,MIDWESTONE FINANCIAL GROUP INC
RCKT,ROCKET PHARMACEUTICALS INC
SIEB,SIEBERT FINANCIAL CORP
ADRO,ADURO BIOTECH INC
ALDX,ALDEYRA THERAPEUTICS INC
REX,REX AMERICAN RESOURCES CORP
GHL,GREENHILL INC
BHB,BAR HARBOR BANKSHARES
DZSI,DASAN ZHONE SOLUTIONS INC
KE,KIMBALL ELECTRONICS INC
PACB,PACIFIC BIOSCIENCES OF CALIFORNIA
QTNA,QUANTENNA COMMUNICATIONS INC
TTEC,TTEC HOLDINGS INC
ARQL,ARQULE INC
DHIL,DIAMOND HILL INVESTMENT GROUP INC
UUUU,ENERGY FUELS INC
PI,IMPINJ INC
MYRG,MYR GROUP INC
OSTK,OVERSTOCK COM INC
VECO,VEECO INSTRUMENTS INC
WMK,WEIS MARKETS INC
RDNT,RADNET INC
HIBB,HIBBETT SPORTS INC
GTS,TRIPLE S MANAGEMENT CORP CLASS B
CLAR,CLARUS CORP
OSBC,OLD SECOND BANCORP INC
PEBO,PEOPLES BANCORP INC
STML,STEMLINE THERAPEUTICS INC
ASPS,ALTISOURCE PORTFOLIO SOLUTIONS SA
ESND,ESSENDANT INC
ENPH,ENPHASE ENERGY INC
FMAO,FARMERS AND MERCHANTS BANCORP INC
NVEC,NVE CORP
QCRH,QCR HOLDINGS INC
ZFGN,ZAFGEN INC
AXDX,ACCELERATE DIAGNOSTICS INC
BBSI,BARRETT BUSINESS SERVICES INC
PTSI,PAM TRANSPORTATION SERVICES INC
IVC,INVACARE CORP
PDLI,PDL BIOPHARMA INC
VRAY,VIEWRAY INC
WMIH,WMIH CORP
ARII,AMERICAN RAILCAR INDUSTRIES INC
KIN,KINDRED BIOSCIENCES INC
STFC,STATE AUTO FINANCIAL CORP
WMC,WESTERN ASSET MORTGAGE CAPITAL REI
ACHN,ACHILLION PHARMACEUTICALS INC
AHT,ASHFORD HOSPITALITY TRUST REIT INC
CELC,CELCUITY INC
IPI,INTREPID POTASH INC
ONDK,ON DECK CAPITAL INC
RBCAA,REPUBLIC BANCORP INC CLASS A
REI,RING ENERGY INC
CSTE,CAESARSTONE LTD
MITT,AG MORTGAGE INVESTMENT TRUST REIT
CLNE,CLEAN ENERGY FUELS CORP
SYBX,SYNLOGIC INC
WNEB,WESTERN NEW ENGLAND BANCORP INC
GFF,GRIFFON CORP
CMRE,COSTAMARE INC
ADMS,ADAMAS PHARMACEUTICALS INC
BLBD,BLUE BIRD CORP
FRBK,REPUBLIC FIRST BANCORP INC
SONA,SOUTHERN NATIONAL BANCORP OF VIRGI
BZH,BEAZER HOMES INC
HCCI,HERITAGE CRYSTAL INC
MODN,MODEL N INC
PDVW,PDVWIRELESS INC
QNST,QUINSTREET INC
AKBA,AKEBIA THERAPEUTICS INC
PAR,PAR TECHNOLOGY CORP
RECN,RESOURCES CONNECTION INC
WTTR,SELECT ENERGY SERVICES INC CLASS A
USAT,USA TECHNOLOGIES INC
OMN,OMNOVA SOLUTIONS INC
NSSC,NAPCO SECURITY TECHNOLOGIES INC
VPG,VISHAY PRECISION GROUP INC
BRS,BRISTOW GROUP INC
COWN,COWEN INC CLASS A
CASA,CASA SYSTEMS INC
AROW,ARROW FINANCIAL CORP
DCO,DUCOMMUN INC
HAYN,HAYNES INTERNATIONAL INC
KIDS,ORTHOPEDIATRICS CORP
AMR,ALTA MESA RESOURCES INC CLASS A
NNBR,NN INC
BKS,BARNES AND NOBLE INC
CTT,CATCHMARK TIMBER TRUST INC TRUST C
EVOP,EVO PAYMENTS INC CLASS A
FISI,FINANCIAL INSTITUTIONS INC
IIPR,INNOVATIVE INDUSTRIAL PROPERTIES I
NLS,NAUTILUS INC
TGH,TEXTAINER GROUP HOLDINGS LTD
UCTT,ULTRA CLEAN HOLDINGS INC
SIEN,SIENTRA INC
OCN,OCWEN FINANCIAL CORP
APTX,APTINYX INC
ABUS,ARBUTUS BIOPHARMA CORP
YORW,YORK WATER
ACRE,ARES COMMERCIAL REAL ESTATE REIT C
CCRN,CROSS COUNTRY HEALTHCARE INC
FPRX,FIVE PRIME THERAPEUTICS INC
SD,SANDRIDGE ENERGY INC
SSTI,SHOTSPOTTER INC
SPWR,SUNPOWER CORP
ZAGG,ZAGG INC
LKSD,LSC COMMUNICATIONS INC
NTGN,NEON THERAPEUTICS INC
PCYO,PURE CYCLE CORP
RST,ROSETTA STONE INC
VYGR,VOYAGER THERAPEUTICS INC
AMRS,AMYRIS INC
SWCH,SWITCH INC CLASS A
XELA,EXELA TECHNOLOGIES INC
BOMN,BOSTON OMAHA CORP CLASS A
CHUY,CHUYS HOLDINGS INC
CTRN,CITI TRENDS INC
NXEO,NEXEO SOLUTIONS INC
WINA,WINMARK CORP
EVC,ENTRAVISION COMMUNICATIONS CORP CL
CURO,CURO GROUP HOLDINGS CORP
AXAS,ABRAXAS PETROLEUM CORP
IIN,INTRICON CORP
PKE,PARK ELECTROCHEM CORP
ICHR,ICHOR HOLDINGS LTD
CDR,CEDAR REALTY TRUST REIT INC TRUST
CHRA,CHARAH SOLUTIONS INC
HVT,HAVERTY FURNITURE COMPANIES INC
LJPC,LA JOLLA PHARMACEUTICAL
BV,BRIGHTVIEW HOLDINGS INC
CYTK,CYTOKINETICS INC
LOVE,LOVESAC COMPANY
SPNE,SEASPINE HOLDINGS CORP
SRNE,SORRENTO THERAPEUTICS INC
XXII,CENTURY GROUP INC
GBLI,GLOBAL INDEMNITY LTD CLASS A
FMNB,FARMERS NATIONAL BANC CORP
FOR,FORESTAR GROUP INC
NCBS,NICOLET BANKSHARES INC
QTRX,QUANTERIX CORP
SUP,SUPERIOR INDS INC
FRPH,FRP HOLDINGS INC
LL,LUMBER LIQUIDATORS HOLDINGS INC
MNOV,MEDICINOVA INC
NINE,NINE ENERGY SERVICE INC
PETQ,PETIQ INC CLASS A
VCYT,VERACYTE INC
CENT,CENTRAL GARDEN AND PET
ANIP,ANI PHARMACEUTICALS INC
AVEO,AVEO PHARMACEUTICALS INC
FORR,FORRESTER RESEARCH INC
MRNS,MARINUS PHARMACEUTICALS INC
PCSB,PCSB FINANCIAL CORP
ZIOP,ZIOPHARM ONCOLOGY INC
CAI,CAI INTERNATIONAL INC
ALLK,ALLAKOS INC
BGSF,BG STAFFING INC
BLMT,BSB BANCORP INC
FBMS,FIRST BANCSHARES INC
TSBK,TIMBERLAND BANCORP INC
UFI,UNIFI INC
UCFC,UNITED COMMUNITY FINANCIAL CORP
PHH,PHH CORP
EROS,EROS INTERNATIONAL PLC CLASS A
AINC,ASHFORD INC
CTSO,CYTOSORBENTS CORP
FTSV,FORTY SEVEN INC
LXRX,LEXICON PHARMACEUTICALS INC
TORC,RESTORBIO
TCDA,TRICIDA INC
VSTM,VERASTEM INC
MGTX,MEIRAGTX HOLDINGS PLC
CRBP,CORBUS PHARMACEUTICALS HOLDINGS IN
DS,DRIVE SHACK INC
ELOX,ELOXX PHARMACEUTICALS INC
FDBC,FIDELITY D AND D BANCORP INC
NWFL,NORWOOD FINANCIAL CORP
STRL,STERLING CONSTRUCTION INC
GLDD,GREAT LAKES DREDGE AND DOCK CORP
ATEN,A10 NETWORKS INC
ACRS,ACLARIS THERAPEUTICS INC
CYRX,CRYOPORT INC
NSTG,NANOSTRING TECHNOLOGIES INC
SYX,SYSTEMAX INC
RRD,RR DONNELLEY AND SONS
VIA,VIACOM INC CLASS A
ANH,ANWORTH MORTGAGE ASSET REIT CORP
RBBN,RIBBON COMMUNICATIONS INC
UNTY,UNITY BANCORP INC
ADMA,ADMA BIOLOGICS INC
BHR,BRAEMAR HOTELS RESORTS INC
LNDC,LANDEC CORP
SGYP,SYNERGY PHARMACEUTICALS INC
UPLD,UPLAND SOFTWARE INC
AQST,AQUESTIVE THERAPEUTICS INC
LOCO,EL POLLO LOCO INC
GSHD,GOOSEHEAD INSURANCE INC CLASS A
IIIV,I3 VERTICALS INC CLASS A
TRNC,TRONC INC
CYH,COMMUNITY HEALTH SYSTEMS INC
ANCX,ACCESS NATIONAL CORP
HWKN,HAWKINS INC
MSL,MIDSOUTH BANCORP INC
BRY,BERRY PETROLEUM CORP
ARL,AMERICAN REALTY INVESTORS INC
CPRX,CATALYST PHARMACEUTICALS INC
IEA,INFRASTRUCTURE AND ENERGY ALTERNAT
KURA,KURA ONCOLOGY INC
NVTR,NUVECTRA CORP
DBD,DIEBOLD NIXDORF INC
EGLE,EAGLE BULK SHIPPING INC
CCNE,CNB FINANCIAL CORP
CATC,CAMBRIDGE BANCORP
PBPB,POTBELLY CORP
TRC,TEJON RANCH
GEFB,GREIF INC CLASS B
GLRE,GREENLIGHT CAPITAL LTD CLASS A
AFI,ARMSTRONG FLOORING INC
CDXC,CHROMADEX CORP
CIO,CITY OFFICE REIT INC
COLL,COLLEGIUM PHARMACEUTICAL INC
FF,FUTUREFUEL CORP
INWK,INNERWORKINGS INC
MBIN,MERCHANTS BANCORP
WTBA,WEST BANCORPORATION INC
WHG,WESTWOOD HOLDINGS GROUP INC
GLF,GULFMARK OFFSHORE INC
HRTG,HERITAGE INSURANCE HOLDINGS INC
RVSB,RIVERVIEW BANCORP INC
SMHI,SEACOR MARINE HOLDINGS INC
TWI,TITAN INTERNATIONAL INC
BCML,BAYCOM CORP
DX,DYNEX CAPITAL REIT INC
GERN,GERON CORP
INSP,INSPIRE MEDICAL SYSTEMS INC
CSV,CARRIAGE SERVICES INC
AVLR,AVALARA INC
CNST,CONSTELLATION PHARMACEUTICALS INC
DGII,DIGI INTERNATIONAL INC
XAN,EXANTAS CAPITAL CORP
GDP,GOODRICH PETE CORP
FIXX,HOMOLOGY MEDICINES INC
RICK,RCI HOSPITALITY HOLDINGS INC
SYNL,SYNALLOY CORP
ASRT,ASSERTIO THERAPEUTICS INC
KRO,KRONOS WORLDWIDE INC
CIVB,CIVISTA BANCSHARES INC
NWPX,NORTHWEST PIPE
CNXN,PC CONNECTION INC
ADVM,ADVERUM BIOTECHNOLOGIES INC
HOFT,HOOKER FURNITURE CORP
KZR,KEZAR LIFE SCIENCES INC
MTEM,MOLECULAR TEMPLATES INC
PKOH,PARK OHIO HOLDINGS CORP
AMAL,AMALGAMATED BANK CLASS A
AJX,GREAT AJAX CORP
MBII,MARRONE BIO INNOVATIONS INC
PTN,PALATIN TECHNOLOGIES INC
RUBY,RUBIUS THERAPEUTICS INC
ZIXI,ZIX CORP
BFIN,BANKFINANCIAL CORP
LEAF,LEAF GROUP LTD
MG,MISTRAS GROUP INC
PFIS,PEOPLES FINANCIAL SERVICES CORP
SONO,SONOS INC
ARD,ARDAGH GROUP SA CLASS A
PERY,PERRY ELLIS INTERNATIONAL INC
OPY,OPPENHEIMER HOLDINGS NON VOTING IN
AMOT,ALLIED MOTION TECHNOLOGIES INC
GNMK,GENMARK DIAGNOSTICS INC
MVBF,MONONGAHELA POWER CORP
BSRR,SIERRA BANCORP
SIGA,SIGA TECHNOLOGIES INC
TBNK,TERRITORIAL BANCORP INC
USAP,UNIVERSAL STAINLESS AND ALLOY PROD
UTMD,UTAH MEDICAL PRODUCTS INC
CVGI,COMMERCIAL VEHICLE GROUP INC
GNC,GNC HOLDINGS INC CLASS A
CVTI,COVENANT TRANSPORTATION GROUP INC
ECOR,ELECTROCORE
EBTC,ENTERPRISE BANCORP INC
KINS,KINGSTONE COMPANIES INC
RM,REGIONAL MANAGEMENT CORP
UIHC,UNITED INSURANCE HOLDINGS CORP
VEC,VECTRUS INC
CIA,CITIZENS INC CLASS A
CCB,COASTAL FINANCIAL CORP
ERII,ENERGY RECOVERY INC
NKSH,NATIONAL BANKSHARES INC
UBX,UNITY BIOTECHNOLOGY INC
CVIA,COVIA HOLDINGS CORP
ARAY,ACCURAY INC
CALX,CALIX NETWORKS INC
CZNC,CITIZENS AND NORTHERN CORP
EVBN,EVANS BANCORP INC
FC,FRANKLIN COVEY
LEVL,LEVEL ONE BANCORP INC
MCBC,MACATAWA BANK CORP
PCB,PACIFIC CITY FINANCIAL CORP
SENS,SENSEONICS HOLDINGS INC
SPOK,SPOK HOLDINGS INC
VRCA,VERRICA PHARMACEUTICALS INC
CBMG,CELLULAR BIOMEDICINE GROUP INC
DCPH,DECIPHERA PHARMACEUTICALS INC
ISTR,INVESTAR HOLDING CORP
KERX,KERYX BIOPHARMACEUTICALS INC
OLP,ONE LIBERTY PROPERTIES REIT INC
PIRS,PIERIS PHARMACEUTICALS INC
RYTM,RHYTHM PHARMACEUTICALS INC
SRRK,SCHOLAR ROCK HOLDING CORP
STXB,SPIRIT OF TEXAS BANCSHARES INC
TBIO,TRANSLATE BIO INC
WLDN,WILLDAN GROUP INC
ALBO,ALBIREO PHARMA INC
BWB,BRIDGEWATER BANCSHARES INC
BFST,BUSINESS FIRST BANCSHARES INC
MGTA,MAGENTA THERAPEUTICS INC
PRGX,PRGX GLOBAL INC
POWL,POWELL INDUSTRIES INC
TTGT,TECHTARGET INC
UBFO,UNITED SECURITY BANCSHARES
UEC,URANIUM ENERGY CORP
GOGO,GOGO INC
CDMO,AVID BIOSERVICES INC
PKBK,PARKE BANCORP INC
RC,READY CAPITAL CORP
TGTX,TG THERAPEUTICS INC
TCI,TRANSCONTINENTAL REALTY INVESTORS
USX,U S XPRESS ENTERPRISES INC CLASS A
ZOM,ZOMEDICA PHARMACEUTICALS CORP
TNK,TEEKAY TANKERS LTD CLASS A
ABEO,ABEONA THERAPEUTICS INC
CBIO,CATALYST BIOSCIENCES INC
CVON,CONVERGEONE HOLDINGS INC CLASS A
EVI,ENVIROSTAR INC
LAND,GLADSTONE LAND REIT CORP
RMNI,RIMINI STREET INC
FTSI,FTS INTERNATIONAL INC
SGH,SMART GLOBAL HOLDINGS INC
MESA,MESA AIR GROUP INC
MLR,MILLER INDUSTRIES INC
SLCT,SELECT BANCORP INC
QHC,QUORUM HEALTH CORP
AMNB,AMERICAN NATIONAL BANKSHARES INC
ABR,ARBOR REALTY TRUST REIT INC TRUST
ACBI,ATLANTIC CAPITAL BANCSHARES INC
CPSI,COMPUTER PROGRAMS AND SYSTEMS INC
FCCO,FIRST COMMUNITY CORP
HURC,HURCO COMPANIES INC
NRC,NATIONAL RESEARCH CORP
PICO,PICO HOLDINGS INC
TIPT,TIPTREE INC
VRA,VERA BRADLEY INC
SB,SAFE BULKERS INC
AXTI,AXT INC
AQ,AQUANTIA CORP
BNED,BARNES AND NOBLE EDUCATION INC
ESXB,COMMUNITY BANKERS CORP TRUST
FRBA,FIRST BANK
FCBP,FIRST CHOICE BANCORP
FSFG,FIRST SAVINGS FINANCIAL GROUP INC
GHM,GRAHAM CORP
NRIM,NORTHRIM BANCORP INC
SVRA,SAVARA INC
AMSWA,AMERICAN SOFTWARE INC CLASS A
BOCH,BANK OF COMMERCE HOLDINGS
ELF,ELF BEAUTY INC
FCCY,1ST CONSTITUTION BANCORP
HONE,HARBORONE BANCORP INC
HBIO,HARVARD BIOSCIENCE INC
STIM,NEURONETICS INC
FLWS,1-800 FLOWERS.COM INC CLASS A
BPRN,THE BANK OF PRINCETON
CDLX,CARDLYTICS INC
FNHC,FEDNAT HOLDING COMPANY
GNTY,GUARANTY BANCSHARES INC
BATRA,LIBERTY MEDIA LIBERTY BRAVES CORP
NEXT,NEXTDECADE CORP
RCKY,ROCKY BRANDS INC
SENEA,SENECA FOODS CORP CLASS A
BXG,BLUEGREEN CORP
KNSA,KINIKSA PHARMACEUTICALS LTD CLASS
BELFB,BEL FUSE INC CLASS B
CCXI,CHEMOCENTRYX INC
CRNX,CRINETICS PHARMACEUTICALS INC
ESQ,ESQUIRE FINANCIAL HOLDINGS INC
FSTR,LB FOSTER
HIFS,HINGHAM INSTITUTION FOR SAVINGS
NES,NUVERRA ENVIRONMENTAL SOLUTIONS IN
OPBK,OPEN BANK
PEBK,PEOPLES BANCORP OF NORTH CAROLINA
TOCA,TOCAGEN INC
BRT,BRT APARTMENTS CORP
BXC,BLUELINX HOLDINGS INC
BY,BYLINE BANCORP INC
FSBW,FS BANCORP INC
MOBL,MOBILEIRON INC
OVBC,OHIO VALLEY BANC CORP
RBNC,RELIANT BANCORP INC
SELB,SELECTA BIOSCIENCES INC
TREC,TRECORA RESOURCES
CETV,CENTRAL EUROPEAN MEDIA ENTERPRISES
AMRC,AMERESCO INC CLASS A
AREX,APPROACH RESOURCES INC
RCUS,ARCUS BIOSCIENCES INC
DAKT,DAKTRONICS INC
FGBI,FIRST GUARANTY BANCSHARES INC
IMMR,IMMERSION CORP
IHC,INDEPENDENCE HOLDING
NMRK,NEWMARK GROUP INC CLASS A
OVLY,OAK VALLEY BANCORP
PFNX,PFENEX INC
SBOW,SILVERBOW RESOURCES INC
SPRO,SPERO THERAPEUTICS INC
USAK,USA TRUCK INC
CWCO,CONSOLIDATED WATER LTD
ARTNA,ARTESIAN RESOURCES CORP CLASS A
MNKD,MANNKIND CORP
RUSHB,RUSH ENTERPRISES INC CLASS B
ARLO,ARLO TECHNOLOGIES INC
CVLY,CODORUS VALLEY BANCORP INC
EEX,EMERALD EXPOSITIONS EVENTS INC
PDLB,PDL COMMUNITY BANCORP
PBIP,PRUDENTIAL BANCORP INC
RDI,READING INTERNATIONAL NON VOTING I
TITN,TITAN MACHINERY INC
VUZI,VUZIX CORP
NATH,NATHANS FAMOUS INC
ACMR,ACM RESEARCH CLASS A INC
AGLE,AEGLEA BIOTHERAPEUTICS INC
CHMI,CHERRY HILL MORTGAGE INVESTMENT RE
EVLO,EVELO BIOSCIENCES INC
FNKO,FUNKO INC CLASS A
GORO,GOLD RESOURCE CORP
LBC,LUTHER BURBANK CORP
OFED,OCONEE FEDERAL FINANCIAL CORP
RBB,RBB BANCORP
SAFE,SAFETY INCOME & GROWTH INC (PROPOS
SMBK,SMARTFINANCIAL INC
SBPH,SPRING BANK PHARMACEUTICALS INC
TLRA,TELARIA INC
WOW,WIDEOPENWEST INC
INAP,INTERNAP CORP
ERA,ERA GROUP INC
CBFV,CB FINANCIAL SERVICES INC
CSU,CAPITAL SENIOR LIVING CORP
CRCM,CARE.COM INC
CELH,CELSIUS HOLDINGS INC
EML,EASTERN
LTS,LADENBURG THALMANN FINANCIAL SERVI
LLEX,LILIS ENERGY INC
TUSK,MAMMOTH ENERGY SERVICES INC
MNTX,MANITEX INTERNATIONAL INC
MPB,MID PENN BANCORP INC
RGCO,RGC RESOURCES INC
RTIX,RTI SURGICAL INC
HEAR,TURTLE BEACH CORP
CCBG,CAPITAL CITY BANK INC
ECOM,CHANNELADVISOR CORP
FLXS,FLEXSTEEL INDUSTRIES INC
HBCP,HOME BANCORP INC
NODK,NI HOLDINGS INC
PRTK,PARATEK PHARMACEUTICALS INC
TTOO,T2 BIOSYSTEMS INC
UFPT,UFP TECHNOLOGIES INC
TPB,TURNING POINT BRANDS INC
CCO,CLEAR CHANNEL OUTDOOR HOLDINGS INC
CNBKA,CENTURY BANCORP INC CLASS A
EIDX,EIDOS THERAPEUTICS INC
KREF,KKR REAL ESTATE FINANCE INC TRUST
KDMN,KADMON INC
MCB,METROPOLITAN BANK HOLDING CORP
MBCN,MIDDLEFIELD BANC CORP
MBIO,MUSTANG BIO INC
PHX,PANHANDLE OIL AND GAS INC CLASS A
VSEC,VSE CORP
SGRY,SURGERY PARTNERS INC
YRCW,YRC WORLDWIDE INC
REV,REVLON INC CLASS A
ESTE,EARTHSTONE ENERGY INC CLASS A
ELVT,ELEVATE CREDIT INC
REPL,REPLIMUNE GROUP INC
SBT,STERLING BANCORP INC
XOMA,XOMA CORP
AT,ATLANTIC POWER CORP
CTO,CONSOLIDATED TOMOKA LAND
GCAP,GAIN CAPITAL HOLDINGS INC
QES,QUINTANA ENERGY SERVICES INC
RNET,RIGNET INC
NAT,NORDIC AMERICAN TANKERS LTD
CDZI,CADIZ INC
DWSN,DAWSON GEOPHYSICAL
EGC,ENERGY XXI GULF COAST INC
MLVF,MALVERN BANCORP INC
SBBX,SB ONE BANCORP
XERS,XERIS PHARMACEUTICALS INC
LE,LAND END INC
FNLC,FIRST BANCORP INC.
HNRG,HALLADOR ENERGY
HBMD,HOWARD BANCORP INC
NGS,NATURAL GAS SERVICES GROUP INC
PTI,PROTEOSTASIS THERAPEUTICS INC
PFSI,PENNYMAC FINANCIAL SERVICES INC CL
CASI,CASI PHARMACEUTICALS INC
FPI,FARMLAND PARTNERS INC
FUNC,FIRST UNITED CORP
INSY,INSYS THERAPEUTICS INC
ZOES,ZOES KITCHEN INC
AGYS,AGILISYS INC
TCFC,COMMUNITY FINANCIAL CORP
CNCE,CONCERT PHARMACEUTICALS INC
DLTH,DULUTH HOLDINGS INC CLASS B
FONR,FONAR CORP
HSDT,HELIUS MEDICAL TECHNOLOGIES INC CL
ITIC,INVESTORS TITLE
MRLN,MARLIN BUSINESS SERVICES CORP
SLP,SIMULATIONS PLUS INC
TPHS,TRINITY PLACE HOLDINGS INC
GNK,GENCO SHIPPING AND TRADING LTD
ACNB,ACNB CORP
AUBN,AUBURN NATIONAL BANCORPORATION INC
BCBP,BCB BANCORP INC
MRT,MEDEQUITIES REALTY INC TRUST
CLUB,TOWN SPORTS INTERNATIONAL HOLDINGS
LIND,LINDBLAD EXPEDITIONS HOLDINGS INC
BCOV,BRIGHTCOVE INC
SFST,SOUTHERN FIRST BANCSHARES INC
FSNN,FUSION CONNECT INC
UPL,ULTRA PETROLEUM CORP
FENC,FENNEC PHARMACEUTICALS INC
ALNA,ALLENA PHARMACEUTICALS INC
ASUR,ASURE SOFTWARE INC
SHBI,SHORE BANCSHARES INC
WEYS,WEYCO GROUP INC
ITI,ITERIS INC
JCAP,JERNIGAN CAPITAL INC
NPTN,NEOPHOTONICS CORP
ODT,ODONATE THERAPEUTICS INC
PDFS,PDF SOLUTIONS INC
PFBI,PREMIER FINANCIAL BANCORP INC
PFIE,PROFIRE ENERGY INC
RMTI,ROCKWELL MEDICAL INC
TYME,TYME TECHNOLOGIES INC
LPG,DORIAN LPG LTD
ATLO,AMES NATIONAL CORP
KIRK,KIRKLANDS INC
SMBC,SOUTHERN MISSOURI BANCORP INC
TNAV,TELENAV INC
TTS,TILE SHOP HOLDINGS INC
UMRX,UNUM THERAPEUTICS INC
AC,ASSOCIATED CAPITAL GROUP INC CLASS
DMRC,DIGIMARC CORP
DOVA,DOVA PHARMACEUTICALS INC
HBB,HAMILTON BEACH BRANDS HOLDING COMP
ICD,INDEPENDENCE CONTRACT DRILLING INC
MFSF,MUTUALFIRST FINANCIAL INC
UNB,UNION BANKSHARES INC
IO,ION GEOPHYSICAL CORP
BSTC,BIOSPECIFICS TECHNOLOGIES CORP
PRPL,PURPLE INNOVATION INC
BSET,BASSETT FURNITURE INDUSTRIES INC
CBLK,CARBON BLACK INC
GAIA,GAIA INC CLASS A
MEET,THE MEET GROUP INC
PFSW,PFSWEB INC
CECE,CECO ENVIRONMENTAL CORP
DSKE,DASEKE INC
MITK,MITEK SYSTEMS INC
NCSM,NCS MULTISTAGE HOLDINGS INC
OFLX,OMEGA FLEX INC
TWIN,TWIN DISC INC
CLD,CLOUD PEAK ENERGY INC
HABT,HABIT RESTAURANTS INC CLASS A
MBTF,MBT FINANCIAL CORP
PTVCB,PROTECTIVE INSURANCE CORP CLASS B
SFE,SAFEGUARD SCIENTIFICS INC
SHLO,SHILOH INDUSTRIES INC
TRK,SPEEDWAY MOTORSPORTS INC
IOTS,ADESTO TECHNOLOGIES CORP
CULP,CULP INC
STRS,STRATUS PROPERTIES INC
SYRS,SYROS PHARMACEUTICALS INC
MHLD,MAIDEN HOLDINGS LTD
AVHI,AV HOMES INC
GBL,GAMCO INVESTORS INC CLASS A
WIN,WINDSTREAM HOLDINGS INC
CRDB,CRAWFORD CLASS B
DJCO,DAILY JOURNAL CORP
FCEL,FUELCELL ENERGY INC
ARA,AMERICAN RENAL ASSOCIATES HOLDINGS
MDCA,MDC PARTNERS INC CLASS A
AOSL,ALPHA AND OMEGA SEMICONDUCTOR LTD
BRG,BLUEROCK RESIDENTIAL GROWTH REIT C
CFFI,C AND F FINANCIAL CORP
CORI,CORIUM INTERNATIONAL INC
GPX,GP STRATEGIES CORP
NERV,MINERVA NEUROSCIENCES INC
SMMF,SUMMIT FINANCIAL GROUP INC
BAS,BASIC ENERGY SERVICES INC
DFRG,DEL FRISCOS RESTAURANT GROUP INC
WAAS,AQUAVENTURE HOLDINGS LTD
AGEN,AGENUS INC
BWFG,BANKWELL FINANCIAL GROUP INC
LAWS,LAWSON PRODUCTS INC
OPTN,OPTINOSE INC
PLPC,PREFORMED LINE PRODUCTS
RLGT,RADIANT LOGISTIC INC
REIS,REIS INC
SURF,SURFACE ONCOLOGY INC
AI,ARLINGTON ASSET INVESTMENT CLASS A
BLCM,BELLICUM PHARMACEUTICALS INC
CVCY,CENTRAL VALLEY COMMUNITY BANCORP
EGAN,EGAIN CORP
RAIL,FREIGHTCAR AMERICA INC
ROSE,ROSEHILL RESOURCES INC CLASS A
KVHI,KVH INDUSTRIES INC
LASR,NLIGHT INC
ORRF,ORRSTOWN FINANCIAL SERVICES INC
RLH,RED LION HOTELS CORP
ULH,UNIVERSAL LOGISTICS INC
LXU,LSB INDUSTRIES INC
AVID,AVID TECHNOLOGY INC
BTX,BIOTIME INC
BOJA,BOJANGLES INC
DOMO,DOMO INC CLASS B
FLDM,FLUIDIGM CORP
BH,BIGLARI HOLDINGS INCINARY CLASS B
ENFC,ENTEGRA FINANCIAL CORP
FBIZ,FIRST BUSINESS FINANCIAL SERVICES
FNWB,FIRST NORTHWEST BAN
JAX,J ALEXANDERS HOLDINGS INC
NK,NANTKWEST INC
ODC,OIL DRI CORPORATION OF AMERICA
ORN,ORION GROUP INC
MARK,REMARK HOLDINGS INC
PES,PIONEER ENERGY SERVICES CORP
CMRX,CHIMERIX INC
CIVI,CIVITAS SOLUTIONS INC
EOLS,EVOLUS INC
MPO,MIDSTATES PETROLEUM COMPANY INC
ZEUS,OLYMPIC STEEL INC
VHC,VIRNETX HOLDING CORP
NC,NACCO INDUSTRIES INC CLASS A
NYMX,NYMOX PHARMACEUTICAL CORP
CALA,CALITHERA BIOSCIENCES INC
CLSD,CLEARSIDE BIOMEDICAL INC
EPM,EVOLUTION PETROLEUM CORP
FARM,FARMER BROTHERS
KEG,KEY ENERGY SERVICES INC
NEOS,NEOS THERAPEUTICS INC
PTE,POLARITYTE INC
SNNA,SIENNA BIOPHARMACEUTICALS INC
MGI,MONEYGRAM INTERNATIONAL INC
ECR,ECLIPSE RESOURCES CORP
ATHX,ATHERSYS INC
CNTY,CENTURY CASINOS INC
BREW,CRAFT BREW ALLIANCE INC
LCNB,LCNB CORP
MGEN,MIRAGEN THERAPEUTICS INC
NHTC,NATURAL HEALTH TRENDS CORP
SREV,SERVICESOURCE INTERNATIONAL INC
SN,SANCHEZ ENERGY CORP
BBGI,BEASLEY BROADCAST GROUP INC CLASS
HOV,HOVNANIAN ENTERPRISES INC CLASS A
ROX,CASTLE BRANDS INC
FBM,FOUNDATION BUILDING MATERIALS INC
MLP,MAUI LAND AND PINEAPPLE INC
NBN,NORTHEAST BANCORP
PWOD,PENNS WOODS BANCORP INC
SGA,SAGA COMMUNICATIONS INC CLASS A
AVRO,AVROBIO INC
EMCI,EMC INSURANCE GROUP INC
ENZ,ENZO BIOCHEM INC
SIFI,SI FINANCIAL GROUP INC
TLYS,TILLYS INC CLASS A
HCHC,HC HOLDINGS INC
CLXT,CALYXT INC
INBK,FIRST INTERNET BANCORP
HALL,HALLMARK FINANCIAL SERVICES INC
SPWH,SPORTSMANS WAREHOUSE HOLDINGS INC
SFS,SMART AND FINAL STORES INC
CLFD,CLEARFIELD INC
WATT,ENERGOUS CORP
IESC,IES INC
WLFC,WILLIS LEASE FINANCE CORP
ACTG,ACACIA RESEARCH CORP
ABCD,CAMBIUM LEARNING GROUP INC
CUE,CUE BIOPHARMA INC
ELGX,ENDOLOGIX INC
FFNW,FIRST FINANCIAL NORTHWEST INC
FRAN,FRANCESCAS HOLDINGS CORP
KOPN,KOPIN CORP
MRSN,MERSANA THERAPEUTICS INC
RARX,RA PHARMACEUTICALS INC
SPA,SPARTON CORP
TCS,CONTAINER STORE GROUP INC
GRBK,GREEN BRICK PARTNERS INC
ONVO,ORGANOVO HOLDINGS INC
PIR,PIER IMPORTS INC
FRTA,FORTERRA INC
PETX,ARATANA THERAPEUTICS INC
III,INFORMATION SERVICES GROUP INC
NDLS,NOODLES CLASS A
PMBC,PACIFIC MERCANTILE BANCORP
AGFS,AGROFRESH SOLUTIONS INC
CRR,CARBO CERAMICS INC
GMRE,GLOBAL MEDICAL REIT INC
SGC,SUPERIOR GROUP OF COMPANIES INC
CHMG,CHEMUNG FINANCIAL CORP
ESSA,ESSA BANCORP INC
PLSE,PULSE BIOSCIENCES INC
FTK,FLOTEK INDUSTRIES INC
LQDT,LIQUIDITY SERVICES INC
MCRB,SERES THERAPEUTICS INC
VLGEA,VILLAGE SUPER MARKET INC CLASS A
CWBR,COHBAR INC
PHIIK,PETROLEUM HELICOPTERS NON VOTING I
ASC,ARDMORE SHIPPING CORP
AKAO,ACHAOGEN INC
CTIC,CTI BIOPHARMA CORP
ESCA,ESCALADE INC
JILL,J JILL INC
LCI,LANNETT COMPANY INC
IDRA,IDERA PHARMACEUTICALS INC
PVBC,PROVIDENT BANCORP
RYI,RYERSON HOLDING CORP
ICBK,COUNTY BANCORP INC
JNCE,JOUNCE THERAPEUTICS INC
NGVC,NATURAL GROCERS BY VITAMIN COTTAGE
ALCO,ALICO INC
MPX,MARINE PRODUCTS CORP
OCUL,OCULAR THERAPEUTIX INC
VERI,VERITONE INC
HMTV,HEMISPHERE MEDIA GROUP INC CLASS A
MXWL,MAXWELL TECHNOLOGIES INC
OVID,OVID THERAPEUTICS INC
TLGT,TELIGENT INC
OSG,OVERSEAS SHIPHOLDING GROUP INC CLA
ARDX,ARDELYX INC
CSLT,CASTLIGHT HEALTH INC CLASS B
INNT,INNOVATE BIOPHARMACEUTICALS INC
VSLR,VIVINT SOLAR INC
ZN,ZION OIL AND GAS INC
DRRX,DURECT CORP
LIVX,LIVEXLIVE MEDIA INC
DGICA,DONEGAL GROUP INC CLASS A
USLM,UNITED STATES LIME AND MINERALS IN
AE,ADAMS RESOURCES AND ENERGY INC
GCBC,GREENE COUNTY BANCORP INC
ISRL,ISRAMCO INC
PZN,PZENA INVESTMENT MANAGEMENT INC CL
REPH,RECRO PHARMA INC
NATR,NATURES SUNSHINE PRODUCTS INC
SAMG,SILVERCREST ASSET MANAGEMENT GROUP
BGFV,BIG SPORTING GOODS CORP
IMH,IMPAC MORTGAGE HOLDINGS INC
KALA,KALA PHARMACEUTICALS INC
GENC,GENCOR INDUSTRIES INC
MNLO,MENLO THERAPEUTICS INC
PCYG,PARK CITY GROUP INC
SCPH,SCPHARMACEUTICALS INC
LCUT,LIFETIME BRANDS INC
BH A,BIGLARI HOLDINGS INC CLASS A
GWRS,GLOBAL WATER RESOURCES INC
TTPH,TETRAPHASE PHARMACEUTICALS INC
AMBR,AMBER ROAD INC
SCWX,SECUREWORKS CLASS A CORP
AMPE,AMPIO PHARMACEUTICALS INC
EPE,EP ENERGY CORP CLASS A
CLPR,CLIPPER REALTY INC
SND,SMART SAND INC
GEN,GENESIS HEALTHCARE INC CLASS A
NWHM,NEW HOME INC
--,A SCHULMAN INC
NWY,NEW YORK AND COMPANY INC
KODK,EASTMAN KODAK
CSTR,CAPSTAR FINANCIAL HOLDINGS INC
IMDZ,IMMUNE DESIGN CORP
NLNK,NEWLINK GENETICS CORP
METC,RAMACO RESOURCES INC
SPKE,SPARK ENERGY INC CLASS A
FBIO,FORTRESS BIOTECH INC
MJCO,MAJESCO
NL,NL INDUSTRIES INC
VHI,VALHI INC
AAC,AAC HLDG INC
HIVE,AEROHIVE NETWORKS INC
GFN,GENERAL FINANCE CORP
MLNT,MELINTA THERAPEUTICS
SNDX,SYNDAX PHARMACEUTICALS INC
BW,BABCOCK AND WILCOX ENTERPRISES INC
FLNT,FLUENT INC
ASNS,ARSANIS INC
CRVS,CORVUS PHARMACEUTICALS INC
VALU,VALUE LINE INC
NYNY,EMPIRE RESORTS INC
GRIF,GRIFFIN INDUSTRIAL REALTY INC
GTXI,GTX INC
CIX,COMPX INTERNATIONAL INC
TZOO,TRAVELZOO
VTL,VITAL THERAPIES INC
SHLD,SEARS HOLDINGS CORP
NH,NANTHEALTH INC
--,RESTRICTED CONTRA FERROGLOBE UNIT
RTYZ8,RUSSELL 2000 EMINI CME DEC 18
ESZ8,S&P500 EMINI DEC 18
P5N994,Petrocorp Inc Escrow
